ファミレアペイント,Familiar Paint,100010,970214cd6f8b0b6a8cc5bfffed552837,5589b398c6807ec8d9bbd7b6ff8ffcd3,[HQ Ice],135412b99c609c7e2256c439ba5794c3
フェイスガード,Face Guard,100020,0c70e73920df374e8245322bf007f3bd,14aea68257c8a403e2f2faed2b3f383a,[HQ Ice],f729d04e0407f2574de275eca8290ef9
フェイスガード/B,Face Guard/B,100021,82569437821795b5769e87d914455893,e568d7d439c26964e4d91808a505920d,[HQ Ice],250ef294d7a2fa865c4b5ac55b10d058
フェザータトゥー,Feather Tattoo,100030,ef9bd7580e7bdf4f3e27f1010051e4d4,9b78287d876e095217fa764cfe300c57,[HQ Ice],70bd2bac2c966596130cde507ca42b56
トラッドタトゥー,Classic Tattoo,100040,fd5eeca14106e21c717f097bb50c2cfc,6e60cbdaed0b431648222481cf010237,[HQ Ice],296583d467eac36d2d705d5c69f770ea
クローノティアーズ,Raven Tear Mole,100050,04585d8dd5aaaeb685040f60bd0da61b,d4b10e5d0a8cb25db7986e2ace4f5276,[HQ Ice],6bd0defb900f79baf93dd7f409c7fae0
スキットメイク,Snipt Makeup,100060,af4e8ca1d726427a22dc51f9412e9c85,99d2465f4797fd27623f9824a287e05f,[HQ Ice],8a9f5608a3c2054925cd61f541c66596
クリアリップ,Clear Lip Gloss,100070,20c481afaaef601967101273d5fdadc8,eaf16d2521b2b0eb0b2b7d75ad00e775,[HQ Ice],c5ba4cdad54f90a3b2281733cdf40c80
ジュエルタトゥー/B,Jewel Tattoo/B,100080,55521b8ef287c15292376711a397eeae,c42c86e77d45819772df36211ff7c213,[HQ Ice],27cf8748548cb27067ec36c21f28d5a6
ジュエルタトゥー,Jewel Tattoo,100081,ef1b02569ba39755788765c28eb078ee,4644720ac478b84a9fd9ff208ba9fa45,[HQ Ice],024c4925bb50269abcea9b4e0f644d91
マノニカチーク,Manonica Cheek,100090,2534e9ec408715dee58c185fe18a9aa5,d0b22feedfff39603c9d7534762d358f,[HQ Ice],a9c734f8be19b9664f58198e60ef8332
[Unnamed 100100],,100100,a2080a89b6d09cd5cc000cb138a9989d,fa90b633c805d15cc6f0f9052c997831,[HQ Ice],3bce0ece889510a6a6be4775cad22653
[Unnamed 100110],,100110,328cc204d494eae3314be98b2c618a6d,3bda1e8f83c898b77b3357f3a11db2b0,[HQ Ice],75b08ac3660e69d6d28a687d33d715de
コーディアチーク,Cordial Rouge,100120,216edd7d3dea09823c44e1a0244e4834,ffd9a98f057656eab5eb99be7acd72c1,[HQ Ice],b0abad0a6218291fc8672b40aa8553e2
コモンマスタッシュ,Common Moustache,100130,507fc815044b440811de402133d30544,a18152922d6523c0548b77cc28920f8f,[HQ Ice],d1c343b6c83dfdbeaad88e553a7de047
コモンビアード,Common Beard,100140,b4ed61cc2881814eddfeac81289c973b,6074303a2fca1e26255c2b5ea016149b,[HQ Ice],cff30a32de8876fcce34e673a45355f6
クマドリーメイク/B,Kumadori Makeup/B,100150,7f1fc3a15cf7ed57e467686746ba4cc7,c903ae0153bcd442ebcea5def80f5c9f,[HQ Ice],57f00d35de587610e439c715a06960a7
クマドリーメイク,Kumadori Makeup,100151,2b017bcfc30ed4b867d19f4df3418c28,029a0aacc45c79f2b289825c8e38c154,[HQ Ice],ee3af77dd307b3c6c53c932c5624a5e4
スカーフェイス,Facial Scar,100160,2a7392cde57e900e2259914fc7bb42bb,917d02f4aad6984a182ecefb47a59bcd,[HQ Ice],4324770d9d7438fc42f115270f3578ad
スカーフェイス/B,Facial Scar/B,100170,57dbc48a965caa058a1c0b0b784f8cfd,19d7c57edcdb5349c904cd605333e4fc,[HQ Ice],fe605c8030e85e9271166453577057d7
スカーフェイス/C,Facial Scar/C,100180,5f69214548ca26f34371938927646157,b3ad15cdf79662a7a3fbb580bd1f5b1b,[HQ Ice],f0c1e2562cb91db3902157777fc42a23
ノワーレティアーズ,Noire Tear,100190,53d630c7b676e6dfad6aa704f0049996,ec783d159225324dd77a524e992c67fc,[HQ Ice],6176131e37d03c93b2244f04c61d812b
ノワーレティアーズ/B,Noire Tear/B,100200,95c21b9a5bfe01b8fa16030e962b5556,fa678ff985b6da1c61d7a3d191cde558,[HQ Ice],96fbf786bcc1757d99c8f2d18a43cfce
スーパーナチュラルメイク,Superb Natural Makeup,100210,30647f2ea70a67932228d36a287855d6,7f8cc77d1608a1578b92f6fe648ced2b,[HQ Ice],5367e665a0ff23f0a7396fa32786b9b8
プチフェイスペイント/B,Petite Face Paint/B,100220,ddbedb24d857b24783db456d63e7f994,b4fe71ce0493c7a831edbcdc938a8585,[HQ Ice],f6cea5286fb761702c1afbfc5830a0ca
プチフェイスペイント,Petite Face Paint,100221,00bcfe2916a1b873f47f2d146c53eee8,b79ca1d37719618b9ca246527155c4b6,[HQ Ice],a364622f3975a9d00ab5f8599ab54e9e
バンデシニーテレガオ,Bandessinee Flush,100230,58a5de9a159e0bd56035f9c632ba0276,108c39b09dc477b6135fea2cc26a7892,[HQ Ice],554eabadb1e2650fdee565f624ef2997
テレガオチーク,Flushed Cheeks,100240,4cf88ef102e67b4311c750b5ae0bb885,597c89205a98880e0c80570f622afca0,[HQ Ice],fd243c2a5ee19dfe15dde0ac47edd3aa
ウッスラチーク,Lightly Blushed Cheeks,100250,f282b5e5833faacd817c5f657a633a46,076f9f31c99640d76bf304573675a21e,[HQ Ice],8575842a8fe3a2226d69bc2010c38bb9
エアルノスカー,Ael Facial Scar,100260,e0cb6706190d11f695079f311168db9d,54c9505e1fbd9e966df1d3df52d57af6,[HQ Ice],431332d2e3a0f9d33043bd408fbba8bc
ガローリアンスタブル,Garorian Stubble,100270,33d27a30ab543c63dc968d0435a712c7,1493a36d69c913986a216cb36379d333,[HQ Ice],3a841b5d697ad6957bba6a2ee2223b7c
クローノアデヤカ,Raven Beauty Mark,100280,c391dfe1ba004509b30843a7c34b0e13,019a7d900856bcace8a03868c2597b38,[HQ Ice],7df611a94dab2044bf6f17689f394d10
クローノアデヤカ/B,Raven Beauty Mark/B,100290,6bcf9ebd4873cc021ff6d34a54c7611c,1e483e955deb970a73271c537e7d123e,[HQ Ice],12de67b14711d24fda044f8ae19b7639
ウステレチーク,Lightly Flushed and Blushed Cheeks,100300,3ee3a45aa0245ab4ea6cff0d7a2ba293,d978811be18491819eea1af93ea6410b,[HQ Ice],d8b9b28ddbf7b719a1c845093cef5dd5
クリアメイク,Sunless Makeup,100310,ea9c1928a83856f79953f6ae31ba5eed,f3273553a0ebc1a0c8b991ea63c46256,[HQ Ice],6d653f893f350efbbc77bb4641afdc07
アイノサクネチーク,Ainblum Cheeks,100320,0f04d76bb58f5ebf6076af59ef268863,8b40fcdb6a198f7d67b58fed648195db,[HQ Ice],1a21ec5520d6482050ac1ca980bbf86b
￥[NPC]セントラルリーダー泣きぼくろ,,100330,0a5e27e35e3dab7752cea0dc71cb2e2c,40ee0477945f40cc76bbe40ae9220547,[HQ Ice],4d5d99321a511dffda0e5031eeb96d8d
スーパーナチュラルメイク/B,Superb Natural Makeup/B,100340,efc3a26223dee2dd9e8dcd54d4769efa,c4f21745ba94a654d5e04439c786155d,[HQ Ice],c98a8ed6dae71edd02b700a9feb314b5
グラッシーグロスリップ/2,Glassy Lip Gloss/2,100350,b10aadfa688826be439d27627d938f66,5055137103ed2c7da0689dff79e296a0,[HQ Ice],00fabbbfb4f996d588981a0765f5c906
グラッシーグロスリップ/3,Glassy Lip Gloss/3,100351,2ae7236bf9fd39b7d91014c02af3ea1f,8f4dbf4edb1cd92817a980c608b6d9b3,[HQ Ice],3c5742d86f7c86c991e57d7175d5b6c3
グラッシーグロスリップ/4,Glassy Lip Gloss/4,100352,09e33671264744ac7906c04917410acb,75231f4c987b1025a0b7db96c9059ccd,[HQ Ice],7ce08aaba9a58a8663b9f36ae92f6eca
グラッシーグロスリップ/5,Glassy Lip Gloss/5,100353,381624f8cd5c88f53d89268d9949ebcb,adfb0e2a760eda9c307b6d64e6b03cd6,[HQ Ice],33e539d6395a0f551786daa01d12c2a4
グラッシーグロスリップ,Glassy Lip Gloss,100354,e45e790053ed4e7b4d306648e90a126e,2786450155fe28d78663dd856f580215,[HQ Ice],7d787fb58fd3fadffb93cce88d001ccc
ホーヴェニーメイク,Rouge Makeup,100360,115fac5e0f6b05b9c2fe2757e7542350,78672f76ba49285f411945755d195cbd,[HQ Ice],51ee3eceac5d2204e649d6e593d993d5
ハデナメイク,Gaudy Makeup,100370,32d7dd8326bca70d1877269f9d23a969,8b3937e24cb152f47a4af62bbf636970,[HQ Ice],02f31c41f74b3bd68d963feec2433e8b
ハデナメイク/B,Gaudy Makeup/B,100371,1761916d32d0e09ecfec695d86a10b14,0ff160ed105767700574d8a7ad5e37ae,[HQ Ice],ae48780e0939bede14401dc1e8411e83
ヨーエンメイク,Alluring Makeup,100380,1e301344b164b788b3329a7fb1664c58,e731e3df758cbf23d3539fd5822d90df,[HQ Ice],c09efc9b9862ff9d565f91b5b0c5a364
ヨーエンメイク/2,Alluring Makeup/2,100381,bb7256790fffb4ce293b28ca9ba29bfb,140f0d06b21bfb3dce0935f69330262e,[HQ Ice],8e5ac1023411f5c3a89e3ceaaf6a4a2c
エスカメイクR/B,Esca Makeup R/B,100390,11c60bcef1cd3d269f7e157bd23ff340,045a7363fff952c7b6801d8f0ff88d5e,[HQ Ice],213bfab946d7e8013185c77c2f12842f
エスカメイクR,Esca Makeup R,100391,e395baba169d9108b4e530e418471bb3,be63f4fb17ee578fc717999bf20ada89,[HQ Ice],b616ef3c3cb35fab581f8b34a90d4188
エスカメイクL/B,Esca Makeup L/B,100392,1c24f20064b5861603562c1e4e25caba,67b9837bcc831b799b7d20deaf5452c9,[HQ Ice],075ae6d0722f5e3bf57f2bf4cd621fa8
エスカメイクL,Esca Makeup L,100393,45fec71f6edfd3fa931860b3c5c562d2,7458ebfa70e8ab757988bc12f01c22ac,[HQ Ice],46ca5660a3c4f6f651e0fae1bba1345d
スーパーナチュラルメイク/C,Superb Natural Makeup/C,100400,421b3dc1a897f73d06e39cf94de0d479,67807429c74d63616137c83661cb4930,[HQ Ice],7abb2c1f0d301e6d1c5514553cbbc0e3
グラデリップ/B,Gradated Lipstick/B,100410,729174e718fd396d41f88e56dc5a08ec,19be67490278875bc9ccaf3e72fc66ae,[HQ Ice],49b2602229e5bb9fc025f6caf9a97fbb
グラデリップ/B2,Gradated Lipstick/B2,100412,1d73e887fb9a9c40a335976227fc6f73,8238b92d9df77304754c93e8f92e8899,[HQ Ice],7e8b73fa507cd58ac3bd9045dad1927d
グラデリップ,Gradated Lipstick,100413,e0db04e3ed1109d799fe474f87e554ce,d149955f6d6dcb4132872e6fe26c3199,[HQ Ice],a378022537d8962f0c6bad2868d7190f
クローノティアーズ/B,Raven Tear Mole/B,100420,5fdb20ebe7f2f98765cdc5cff6c7f7e8,64b70714650eb86e418a6c9d1c3a1606,[HQ Ice],f7568dd52ff9903e2e1716734a10ade0
ホンノリメイク,Light Makeup,100430,5a994a102f3b79d36a46e2b4b428cc2e,cc73000e6edaf1619ac3d315f8004fc1,[HQ Ice],d510370c73f63ea1ac47d0e5db0c2c12
ジョイフルスターメイクL/B,Joyful Stars Makeup L/B,100440,334c09ccdbd860e1ae5dbdda1bb707d0,03070f937e289775a9f0406d17a9202a,[HQ Ice],b6ac8c61d03f99ec7372c1e95ff91ce0
ジョイフルスターメイクR/B,Joyful Stars Makeup R/B,100441,b56b8bede620e9bea50e6ac419eca72c,b32ca5aef47eea65f7f14542885cb561,[HQ Ice],afc06c6e924a6acc6a94b6e7ac711759
ジョイフルスターメイクL,Joyful Stars Makeup L,100442,82929d019184a31098a2c08ad3360a20,f86b0af2484b4b5c63bae1272ad8958b,[HQ Ice],7cd71c04c778dd704218e87f1f0cccf5
ジョイフルスターメイクR,Joyful Stars Makeup R,100443,203a677d3cba4c072fdf02358614514d,5952820fdefafb7186f2f9fcaf5ba92b,[HQ Ice],ff4a98e3102dcadaa19afd7572ee04c2
オトメナメイク,Maiden Makeup,100450,ef2fa767bcbe5450a318b446cdb2084c,aac762290ba077ad73ab124afe026217,[HQ Ice],7d98db14392c70ef856f4e4424540c2a
テレガオチーク/C,Flushed Cheeks/C,100460,853990b38a669275a2b3e1e388944c08,cc8080dd66ebc2075fce6b009795528c,[HQ Ice],a9aabdef955f6929bb5fcb49b8e5f70a
シッカリメイク,Perfect Makeup,100470,214ba9e12b670214b96526382564ceb4,b869885adb895009b5be7ddddcafe1c4,[HQ Ice],7fbb21387e208152e6badbf5252577bc
ユエトクマドリー/B,Yuet Kumadori/B,100480,e9c3d48911b4c635db483b78b3b7fcb6,00764140ee7dac7310319495c6bff48f,[HQ Ice],64ac3c8777a81108e82ad12955c59d47
ユエトクマドリー,Yuet Kumadori,100481,0d3dba14d05c75faf6e01c3adf0a9af9,dba2d6b19bad1ab2ad35f3327bf8d3bf,[HQ Ice],238a86b369e12bd6f1ac45cc4021b875
ユエトベニー/B,Yuet Lip Rouge/B,100490,4a33d45fa91ce6a293dba8b5814ddbc4,49ff808c996db47534086d983276f4ec,[HQ Ice],9eabaa3d931ba4e98649e1e61428f16e
ユエトベニー,Yuet Lip Rouge,100491,18acf60248117722c57e6bb08ab6a6cd,76275435196941844a20711622808697,[HQ Ice],6b560bb85809f3b13c8eecfb55e6a577
ガッチリアイメイク/B,Intense Eye Shadow/B,100500,f77f74318c6df104e68d495e5fd91750,3401bde6f6e128bd046151eb347c60e5,[HQ Ice],75fec645970ebf6a537add0bf6136ad9
ガッチリアイメイク,Intense Eye Shadow,100501,715118a73c3c7984114cba37d98a19f3,93b0a2345c5a008490bda22ee22818a4,[HQ Ice],c6a89035b857f64c855c36b1d542b2bc
オツカレアイメイク/B,Tired Eye Shadow/B,100510,b71f4bc8e9e6395f0acc8afb14ae5be8,b62783d0077ec1df82c752504c307273,[HQ Ice],6064ed2229026bea6bfbaf0675411351
オツカレアイメイク,Tired Eye Shadow,100511,d2fb288ded2acdcb9600c2b572919374,71329b97123e388cc18d77b59a38ba65,[HQ Ice],2f52df17e25f32dc46cec045ae3ccb21
テレガオチーク/B,Flushed Cheeks/B,100520,e95e9421066ec0635904c7c14face65b,ce2a967106e1ba84d944381e1fa20e61,[HQ Ice],e9722f0d65af7745760586015a7c5d06
アシンメピエロメイクR/B,Asymmetrical Clown Makeup R/B,100530,c2b928de69325fe1568fb1ba331e30ae,7e4259fd6a5de861dddf3eb898a825da,[HQ Ice],271a751e26dd315848422e6abd32fade
アシンメピエロメイクL/B,Asymmetrical Clown Makeup L/B,100531,1f83041e5ebcfec1f9ad79f2aff5f003,0bc1a9c42269169cb7a93b94440e028b,[HQ Ice],37323e56f9400a2b9672ca9926e0e325
アシンメピエロメイクR,Asymmetrical Clown Makeup R,100532,fdf38cb7f2c951a77fd5e8d82acfda07,f66ab5d440b7f79c1d8a9c9ff11cd787,[HQ Ice],77e039129abf6cb353e7a13438f4aa96
アシンメピエロメイクL,Asymmetrical Clown Makeup L,100533,b1253d424a37afd471becca6ff484277,eb7da09f2549d93d50e05d8743a28b4d,[HQ Ice],ca60e68d5d77deda24dd2eb02d21f77d
カラーシンクリップ/B,Color Sync Lipstick/B,100540,3248d1423313b3c99255c0c70c7c4d89,40a519d9c9f550705544b7f7873f549c,[HQ Ice],88311e5300f4940307dc817126077c29
カラーシンクリップ,Color Sync Lipstick,100543,c527217233d3d06cf3fa99ed96ed6679,81314196158bbee100510457240df7ce,[HQ Ice],e24625104e10168d0dd12742b0aec28b
ブレイズメイクR/B,Blaze Makeup R/B,100550,8d990bbf8e6c895252d84881a922c36d,105a3aec9e0424845a3dabb0d22826ce,[HQ Ice],4bd19fbf96e403fecd47e8850c9da39a
ブレイズメイクR/B2,Blaze Makeup R/B2,100551,201b4aa08d49e5602b57ba8e8f895562,266f36ea01510fa568e8b552b97f92e8,[HQ Ice],6e1f7fc85ceef1b123a984dbcec483eb
ブレイズメイクR,Blaze Makeup R,100552,1939c566d6073784ec4d2e1aff7320f7,fa91e76733a3451373b8b07ccee1e7cf,[HQ Ice],16d0860850379ab8c7d638502fc9e710
ブレイズメイクL/B,Blaze Makeup L/B,100553,cfb445a18cc81289c5427ae6b5eaf1c2,ad50fbbc219c0f2b481af26786b6a543,[HQ Ice],61ebb2bd151a781fd4e80dae0bab2694
ブレイズメイクL/B2,Blaze Makeup L/B2,100554,85bf52fe0089dcc54516b7cb4da0783f,d192255049758602eb0533fe04d13327,[HQ Ice],5a673f68f60160440c607c28517d316e
ブレイズメイクL,Blaze Makeup L,100555,0633d46c5433aca6fdbb8c5e38afc515,05155a9ad3bd03ddf6e009c707bee522,[HQ Ice],8866795c8f921584a5d0b8c5f10bf890
ナディリスメイク/B,Naderis Makeup/B,100570,3b1359e931ebcad47755e2b046d087aa,62c655d15ba810fd5b71234df8369f1c,[HQ Ice],2613ce655848bb312148fa9146bb1ec6
ナディリスメイク,Naderis Makeup,100571,821d128d66035495316d8fa2dc936dad,24bafdf8312a998197cee995f10cdae7,[HQ Ice],29809dab406e7927d1271ea2a4ede15e
リスリットメイク,Rizwit Makeup,100580,ef395f345bba67def6d4fb17a813c22b,9e4d710478b5a8d191a417af950fe2d2,[HQ Ice],2064df417dfcab5a999f0b46d3293ad9
ムラーノメイク,Muniro Makeup,100590,21e12dab44359102ca61b2711aa8fb40,4208b674fa002be3468fe9f96dcfc025,[HQ Ice],464f74a0e4ca54ef3e785735193489cc
コチョウペイント/B,Pieridae Paint/B,100600,a090eb0dd605955ea6164436bf08997f,e60ba644afb3a183e7d0bac15695033b,[HQ Ice],c99ac32825f0e9c48aab37b86e46b2d8
コチョウペイント,Pieridae Paint,100601,157ee9b5bc45824885f53a449c6a5eaf,1cb85b589fbd981a63a33b5418583551,[HQ Ice],8a072d7785fe04e6769375dba1fd3b8d
コチョウアイメイク/B,Pieridae Eye Shadow/B,100610,74ec6659040c4795d6444845475f4677,b1f9cd78e59a1ea7cc772785cc0ec588,[HQ Ice],445dc9b4247c35a91e1a81d6ed914d6e
コチョウアイメイク,Pieridae Eye Shadow,100611,23fbdf705fae6b256f6eb89d631092d9,7ccaf5d24eabbe69d97c5e6781afdd1b,[HQ Ice],034c881bc5cc7509f0e8f558b8bc276e
サーモアメイク/B,Sahmoa Makeup/B,100620,8d992310e46655c617bead9fb01a296e,4707f22f388654e9904046c0aea5eddb,[HQ Ice],db7a082f9c1607b205f28c783131ed02
サーモアメイク,Sahmoa Makeup,100621,3e097d76b3af27f1f34aa373dc4781cd,3cae4a65eab1eae359242362f0e7260e,[HQ Ice],3b1044b9da51b25508a80985913c0995
アシンメコイメナメイク,Stark & Skewed Makeup,100630,3cc3eed75b92e8e6d3f6e419139f2e52,c17d3dbc3a28038ff0c296ced2315bed,[HQ Ice],cdf45c1c5f17fc2c21477627c2285e8a
レヴィアトタトゥー,Leviathan Tattoo,100640,eb8dcde8a211bf294a75f285c01c6811,0f54b46079ce0332daa40738a5c901ae,[HQ Ice],545e6367fb74cbdd1ad1604ce8375471
サージンアイメイク,Sandstorm Eye Shadow,100650,aa3554da29b5a04f0d849d3b3d5baf75,0ce1eeb287607fbc78ba3ed46182a291,[HQ Ice],b73f8278442e20e61f1181b08d4a52f7
ハナヨイメイク/B,Hanayoi Makeup/B,100660,18f67bd33c30082dd123bb8da88c0de8,c28457165fb9444a28a201d195a85aad,[HQ Ice],d4546f47e8540c8072cbd5667b2d0c69
ハナヨイメイク/B2,Hanayoi Makeup/B2,100661,b7e8bd0444c3c21e7e866e919b695133,927e9ae72f0e7c1c18ffb0ae69d1965e,[HQ Ice],1c0d7cf55fcd29364ac419e4d36f9a9d
ハナヨイメイク,Hanayoi Makeup,100662,7c451fd71ed5030516b3623855093011,16f24f1014f075aeb0a67c5bf214c255,[HQ Ice],e6314c9d4088d4b87d23779e05317551
サヴェールジメイク,Savelge Makeup,100670,b1c68b470b309b6558715b64712d8011,bf451ca754876daae3e422822a072593,[HQ Ice],ef9819b64fe1957c325776b7838bb739
ゲツエイペイント/B,Moonlight Paint/B,100680,afc7946e1f3cc6b1db972b55b69e3665,cb9e9e612e643bd6edbaac8d17ca8e8d,[HQ Ice],2c2986ea607de0ecd088bb72ac87c6a2
ゲツエイペイント,Moonlight Paint,100681,2056f0b858db678e316bf56658e277f8,b9ec6bebbe3d0e46f4a9b94f612f0e9a,[HQ Ice],a5c76a014668f5236b407d751a9c55c8
ゲツエイアートメイク/B,Moonlight Art Makeup/B,100690,5d8e0fbc9c4cccc4731fd8c40dbbf4dd,4dc1ee5b16ef0e7c8653592c98e14db5,[HQ Ice],46dcc229d4ca0b06983577c4a4f06110
ゲツエイアートメイク,Moonlight Art Makeup,100691,12e48252821ae67fb7cd311652235f9c,f858c43cd3be98e877498a38fcfc0491,[HQ Ice],42f45027f2b78a68b5112934733e7f14
クリーゲルメイク/B,Krieger Makeup/B,100700,2ea7fb836278d7e7d4d592ce9541357d,bb7b32bb7e3cfd09e09fb950f4eb4de5,[HQ Ice],b26aeb9071b317df102a4555f97c7035
クリーゲルメイク,Krieger Makeup,100701,305ae273295543298bb0258153299454,e913b187d92d5bbd6b68dc63c361b59f,[HQ Ice],165c99d80b79d1ff997190fc3cb07126
リスリットスカー,Rizwit Scar,100710,933e6ca42c62bf87f70c7c57a9956d32,31f3f5f2fa87f22cd190254e23445da4,[HQ Ice],b0a8aeffe0fc53728816d0d6e379f175
リスリットスカー/B,Rizwit Scar/B,100711,ccfd29a90df1ba842edbc4e726516ac0,1741588230177ddae8f01e0da1644248,[HQ Ice],b746289143d5111d500bff47d2b98780
バーガンディメイク,Burgundy Makeup,100720,9d42053b188a430173e6a9544fae4e90,3a5af16a0a7b162e418aa911f3c0dc53,[HQ Ice],c6bd54d5220ff01eb02ce798492389f2
ボニータメイク,Bonita Makeup,100730,fb75c6c6c3430ca1d8ac1bb60c335c71,fc93473085311a1fd091cebaee2ce96a,[HQ Ice],faead0e2bf084dd33bcbd727736550cf
ミミックスキンメイク,Mimic Skin Makeup,100740,3e66cd4c3d7b0d1fe6ead48b87159628,dc524626d89e01d3a06522580c65a588,[HQ Ice],0e01f64e35798b485fa22f9b956a7c2b
オツカレアイメイク/C,Tired Eye Shadow/C,100750,c00df98871ecfaf5ade16a12a6705176,7529f0d05b4a2e622865ebb6b18e48c9,[HQ Ice],0100de1b8e749e8bca68f06431046ee8
アンドロテックメイク/B,Androtech Makeup/B,100760,6b55880ec0a83a1cc01303de5d0d319f,b6be0bef5f440c203cf3511b4f0cc211,[HQ Ice],0e322856a02ec6b503ff42ce65fbe2d3
アンドロテックメイク,Androtech Makeup,100761,8fbe3e6f42a719239aa0b468c6a78cad,48ca38d17d33c3911bbac9ee31b18dc4,[HQ Ice],7b90676824a28d92ce6fc73d14656f47
ヴァルトマスタッシュ,Voll Mustache,100770,da379e6c1d748deb871cce6732e87a1c,80fe5583f9a6bb6d32fa7b9085b28ebe,[HQ Ice],84e81c06f1ccefb5bce40ec915ad341f
トイフェランペイント/B,Teuferan Paint/B,100780,ecb128f8d8a2c336bf23a5ffe55e2534,61d7e9f3981592b0949b2694c67d9719,[HQ Ice],2a82aa8be9779dc44ed2d10e45b88751
トイフェランペイント,Teuferan Paint,100781,16eca912ab1eff586a5aa8bc95ee54aa,a68ab25cb2f63ce8a05a7e0af4aca2af,[HQ Ice],217774617b99e29a2a629180a77dcfde
トイフェランフェイスガード/B,Teuferan Face Guard/B,100790,f3c561097b0e368d3c787784984dd4e2,abf6664629539a6012c329ea8ccc6d7b,[HQ Ice],663c09ff518a98dcdb597c71fd22ee34
トイフェランフェイスガード,Teuferan Face Guard,100791,e8ec9144d8b484be65eee0b410df5cfc,92976cf798d41e0b4f3730fa62540af0,[HQ Ice],99902f95b90e150b3c72f7371639efee
ビガーアイメイク,Big Eye Makeup,100800,b66f5d993b183fa85bf9b05ea91eaf65,bca665326c7399b1bf47df8ee438f5f3,[HQ Ice],c1b344bb77e1fce6ca6db1d535302f3e
ビスクドールメイク,Bisque Doll Makeup,100810,f5a2dc28273192061b4a6c0de63cc123,7da46f7e6cf3e78b44f542237ccd6457,[HQ Ice],2e1acd63e6e30d56b8705816ca65c0ed
スーパーナチュラルメイク/D,Superb Natural Makeup/D,100820,c8c371673d4b37545a4bde160cf1f23d,556e606202b0bba86f97b269b59fabed,[HQ Ice],b7d466baeccb9a1499f9116bca958725
スーパーナチュラルメイク/E,Superb Natural Makeup/E,100830,bdc53575e1e088b36a7a258eebda85cc,d5564a3e43bb6f97a7737a095becf7ed,[HQ Ice],7290d21484dde99090cf09a74b4e170f
N-猫ひげペイント/B,N-Cat Whiskers Paint/B,100840,8d041ea9c59802db8a4bf27748381540,c6123f515fccbf74f035ebffa26ea2e2,[HQ Ice],cb38b47d3f05b51d9ddc8a95f6878286
N-猫ひげペイント,N-Cat Whiskers Paint,100841,fa4829b9e8a5332a7d1a4a0b0723702e,2423ecc84190744665a0a07e8e80a0b8,[HQ Ice],4b205d21fe24aab669ad64d9e658a23b
ツヤプルリップメイク/B,Glossy Pouty Lips Makeup/B,100850,31a727a85d57ea1d11478b627944678f,0f03f7b0a9691655fe11a57837440715,[HQ Ice],c30a8f1d6d3cf7c4145499d4f92341a0
ツヤプルリップメイク,Glossy Pouty Lips Makeup,100851,83fe66c384b6d2e198c698fb4493227d,8b6ddecf4bfc235faba54a1e40a8b6e0,[HQ Ice],4ac02a95ecad99674f66759d03e2dc18
ウッスラビアード,Light Beard,100860,f2b6c4c9dd07d0edbd882802738711c4,06944e59a3e7dc4a98591009c724d35a,[HQ Ice],2d055e083ec70e9b493b9eafeaf560fe
メノシタメイク/B,Eye Highlighter Makeup/B,100870,ac31f93b75ff7a912aa7212aa313fa2f,805af7c8f7314bfde8ababacf8bc76f0,[HQ Ice],ca62b0cb15eadd3b2c8f1312de26f402
メノシタメイク,Eye Highlighter Makeup,100871,975439d80767c9a2d93214a9def7789f,e61da9d111c3addd255a9efb63f612ff,[HQ Ice],2ce73a02eab0bf397d441aed938eb39b
ラセッツメイク/B,Rasetsu Makeup/B,100880,0eb8c664dcb3d8d02fa246131ffdbe41,5199fc3a4d49b674d5e4e46f86f32901,[HQ Ice],a2b35c659cfa0a8d98e20dd9eaf87d75
ラセッツメイク,Rasetsu Makeup,100881,9ce7284aa9eca317334640dc7f4f3f2b,fa77e1f4af92f01d0124f13bb3243017,[HQ Ice],034dc545815eb2106a98869cd4d0af1b
ピピストメイク/B,Pipistrello Makeup/B,100890,65a47e02300ef315f1a6ff6471b2acb8,7bac5cf5caca9ed78cdd88d2b5ea0ad2,[HQ Ice],0267193cc760d5aa64064b74949f8724
ピピストメイク,Pipistrello Makeup,100891,40a4de665b2b8e7038aac7bdc2800173,2411a6708dd4fb6c7ffc8afea802089a,[HQ Ice],e518cac499aaad5b3284df3b7303aa0c
セパレッタメイク/B,Duality Makeup/B,100900,ec878c57231baccb6ec3ecf7a36313d7,6215bedcede086615b427828749f719e,[HQ Ice],0ed7d1f5d3dee70d579f32df14409da3
セパレッタメイク,Duality Makeup,100901,1522ba9224a8df61a81ca7b13934bcc4,6f1188f7331c56eb9121580b961a1c5c,[HQ Ice],9aedf59acbb0bb570db222eed633b152
[Unnamed 100910],,100910,22dcabd8517894d957f36b022c4e0aa4, (Not found),82d93522780588a7c1477f3aaae540d8, (Not found),[HQ Ice],a25d27dc919442122e9c9cdf04071686, (Not found)
[Unnamed 100920],,100920,3379f6b37a7e19914e8478e890bbc8f1,b0ed9e1347a1b3d6fdad5f43b9fddeb0, (Not found),[HQ Ice],44d0614ce5ff1e6507f9dfa1453c0cd5
[Unnamed 100921],,100921,082da32df169cf5955999f35ba58de1d,d8898db5e652a550f57d070b3a5f8452, (Not found),[HQ Ice],b660b6bedd3bcca7452517ed630a8473
バンビーネリップ/B,Bambine Lipstick/B,100930,1e202e870523f75cc0ee43bcfc59003b,82023487200b8431334c4635b736c433,[HQ Ice],add5f44a088ccbb6f4053848558802a2
バンビーネリップ,Bambine Lipstick,100931,08260ffb0f21a4d7d4bc72c554ec34d6,c19d5f8057fb48618f56c01fbec2d080,[HQ Ice],068a2e775898ccc9cea202f46b388222
ハートナチュラルメイク,Natural Heart Makeup,100940,894f920f93a9a36fe2d01923ecfa2c30,fd50035685ce4b88eed3def06fe47b46,[HQ Ice],bbf4231ea35ab8409d308ca42065cc7b
スカーフェイス/D,Facial Scar/D,100950,051658202d807f5936324ed8d64aba61,b3192efca3bd2a4d6cab0ab6ebcbfdd2,[HQ Ice],8cd00d20eabd5ba8700abdf7d4c41ab0
スカーフェイス/E,Facial Scar/E,100951,025ae580536aedd360cd8ade54a9067d,9856df9f486fbf8170685ae3fafd9e9f,[HQ Ice],df4755df2b97f48334248ca6e5dcfea2
ツヤヤカチーク,Glossy Rouge,100960,e8af61766e703038d811b1e22a1122a7,aa2e6bc4509453d3274e1c56e0678083,[HQ Ice],0d246e0279d99a733ce8ca92221ee224
ハードアイメイク/B,Dark Circles Eye Makeup/B,100970,ab213532e2a239e37955bd1606c7546d,6161b0bd23053e3f561be3b8445fe1ca,[HQ Ice],ef234899896826be90f5190d13e1d98c
ハードアイメイク,Dark Circles Eye Makeup,100971,460e7bd58a91a85ca66fbce11a678239,2e53329b49ce48d2cb2df5b5f3c81ed2,[HQ Ice],080fd3e608984a990febb4c4e5d4e6e4
ジライメイク,Taboo Makeup,100980,77483f8f700540b7352e55d97974e420,f76a132f3df5bbc2096a3726a38e3bb6,[HQ Ice],a94022e0dff5dd9a8f8672ccb559d233
スカーフェイス/F,Facial Scar/F,100990,12911a09cf5246044d6419801a1ebe15,f54f10a0ff72cd947cf0050a628c2013,[HQ Ice],f04038423689932a7106f99af6d9976f
スカーフェイス/G,Facial Scar/G,100991,61ececfd0c1d168f6ed5131d65ebe943,1f08dd26b47d6146d34904af03dd8666,[HQ Ice],61eb288f6a5c9a9e2f1088d067582521
スティッチマウスメイク,Slashed Smile Makeup,101000,ae1d688c6f8d3b645fd44af7eba53de1,22d0b68525b17d6c70404673c8b41eae,[HQ Ice],d3a62d06fa780ed872319611eb1060d6
ライディーペイント/B,Raiji Paint/B,101010,2405a9e6a21a80efc210224c6a538130,8a9cd84e5f2150245becd196aaf4bdaa,[HQ Ice],69ee6fb4b1cd7dd5db5619bfb78127f7
ライディーペイント,Raiji Paint,101011,7d277f4bb84ce10a5d0a1d16663ce0d0,fd63a664fe6144343d08b5981526ee55,[HQ Ice],8a7309c3a2ae98ea2ce671348eb9879b
グレオーンスカー,Gleon Scar,101020,8f5e8d47ce7a9b0cc2a3f8f2d8c88a14,489a6f6a88d7f10890e88ef171cd1760,[HQ Ice],0746b684e93bc5898ff9144835bc44e9
メリウォンメイク,Merian Makeup,101030,deb677852cd04243130337d8f285dd85,cd56aa2e9d8fc8e80ee99cdd87053e62,[HQ Ice],8c17f6d31b3404af792a7f46cc243a8d
メジリラインメイク/B,Outer Corner Eye Line Makeup/B,101050,eb9cb106c182d83d15dbcbd2e1b8dfa2,03e5a795192dc9c4878bc5577bffa3e9,[HQ Ice],1ee93dd0790bdfdddd0a3e16bcfa1f50
メジリラインメイク,Outer Corner Eye Line Makeup,101051,d89ad7045b26aa9678eed428cd54772d,a30d1005405ed1dd5466ed6be25f2fe7,[HQ Ice],aa399c9137e96848251a2802bc9ec763
[Unnamed 101060],,101060,f7365dad31544c13143b8a48a65f9ef4, (Not found),823df85c77df516664f69ccfe1743386, (Not found),[HQ Ice],62128049e9ee7a52babe8884cd735a92, (Not found)
[Unnamed 101061],,101061,e2e03c7a4c2e97c1df9330dc228b52a1, (Not found),e79e9e9f710f2611e555a2904ac4779a, (Not found),[HQ Ice],76104723c4f9928500920a1404b56171, (Not found)
カラスマアイメイク/B,Crow Eye Makeup/B,101070,6e41e40f1223200f8a210fbc019d818f,828ef499f01d5dae1c565f57e90947b5,[HQ Ice],1d9bb4363f237fdbcee80b5103618ecd
カラスマアイメイク,Crow Eye Makeup,101071,d1c7cf687de2edcf3a008173e882b367,423bfcdc80e44d4a50db9815ba743d84,[HQ Ice],9dcac942b3d023b9aec834096b072f5e
ラインストーンメイク/B,Rhinestone Makeup/B,101080,8685314a30107c93bda6fb76ef5761dd,0fc7093e5cd6b88d9d7ec684935952d9,[HQ Ice],9904dc820df7e92bc17d9b454c7ddc0b
ラインストーンメイク,Rhinestone Makeup,101081,5ba89ebc432cb959e36d6fedca014512,c86daeea166b47e78395783ea7b2374f,[HQ Ice],335543e52a73ceb8b2d172d746b41af0
クローノアデヤカ/C,Raven Beauty Mark/C,101090,c00840713ed90b055bf198a3a3507796,18c885c658e56ccbaa8d6325a7dd0d3b,[HQ Ice],21ae5a24a84c34be76e9b2758c8014fa
クローノアデヤカ/D,Raven Beauty Mark/D,101091,526df2dbf438f5fd19985b87e9cab332,aa69d46ca9975784b1ab38c7ff7ceeb2,[HQ Ice],08b9f680badde90487efe9e8783d365b
N-アニメ風ソバカス,N-Anime Freckles,101100,3b693952270c0d5dd3f7313f0584225b,f0f5735cbb5fe0ae449611114eab75bb,[HQ Ice],c1e0cf3a374daee7265c2cd8b9930b4c
[Unnamed 101110],,101110,d8e6d9c924f9f418cfc80f57ccb1808c, (Not found),a3fad02c90547b98ba590c7d33df2944, (Not found),[HQ Ice],5fdd44ccbc120e24ad4486a27f9505bf, (Not found)
[Unnamed 101111],,101111,53a7a88964e62f709527899ae030e075, (Not found),8634e85f5dc3fc329f1f4c3668796f37, (Not found),[HQ Ice],e654b3c69cb76d11027746b69f74e3cd, (Not found)
[Unnamed 101112],,101112,a9f60ad87adc08ac4e093717e52a3ddd, (Not found),2fa1d56f403af9e69bec16d8aac5f8a4, (Not found),[HQ Ice],15ab709d3b50444f3d5b6230c419756c, (Not found)
[Unnamed 101120],,101120,a3ef19a9edcffb2861696e4b9554e904, (Not found),34f22a4f011fdef63198feb26c757cd3, (Not found),[HQ Ice],9e8ae126100bcd6df633eb835edcaf3e, (Not found)
[Unnamed 101121],,101121,0618b67e5cdee92f71f5c73cc52e150f, (Not found),6de8e2fd738f71dc41745d2fcab38143, (Not found),[HQ Ice],10bca01cf1675d222a81c6a10a75655d, (Not found)
[Unnamed 101130],,101130,f3113ac1f35ce69faf511040b51e407f, (Not found),e8ea5ff6ded3e0ef8782386c4328be9a, (Not found),[HQ Ice],13439a4813dc85166cd51d3522861f97, (Not found)
[Unnamed 101131],,101131,1ea31d8a679815688fc76335efc3835d, (Not found),cff944201ab87e63cb3cc869e3607667, (Not found),[HQ Ice],ae655c55797837781a42e66c3b5bfe4f, (Not found)
サマービタミンメイク,Summer Vitamin D Makeup,101140,bee8a47c1102f903852bdf77ac824642,b8ad743d0778a98f3398faabb016bbf5,[HQ Ice],3d762b3d85b47407ab2bb5f8581e1a7d
ブラッドベセルズメイク/2,Veiny Makeup/2,101150,c826a594103da0b6044a86a61160bc5c,77f5b167ccc88587b76675b9b734e40a,[HQ Ice],5fb4eccd513b1e52eb85e4e983d395e8
ブラッドベセルズメイク,Veiny Makeup,101151,c8af27394b07ebcf5263a6ce4203c3f1,3ac0757dc9f836e291b79d188fd7f018,[HQ Ice],58c2fb0acfe636b9cecef79b603d43f7
インナーハイライトメイク,Inner Highlight Makeup,101160,7272c28a2b44bce1512fea55100d81b7,11dfa7af2ab511ca279c56c276d56589,[HQ Ice],a2bf121a241617d4507a2612d3bc85d2
サイバーラインメイクL/B,Cyber Line Makeup L/B,101170,7b38ab08972db0e73cbafd6858139e2d,86f0bc97c69de3c57836b7efd2124342,[HQ Ice],3ea67a004546c3532cbb27fae86a9cfd
サイバーラインメイクL,Cyber Line Makeup L,101171,c3aab6dc3434961ffbc9a78ef55aad3a,cddb68056c87a92ae40d860221a6d53a,[HQ Ice],9aaf2aa86c7e69ab96ea70c790144efa
サイバーラインメイクR/B,Cyber Line Makeup R/B,101172,6ef917ba3fe9297aa85e2898d3b96989,fb04ef632645d4c127215e7e80b4d31b,[HQ Ice],b7a13ba7d2efa409acc958885a30a3e6
サイバーラインメイクR,Cyber Line Makeup R,101173,e80b0890a7bbf207e9f9dc87bda03365,7e10e54009077db5a9fa622e9ec4161f,[HQ Ice],aeeb0aba80ea1d08a3b87670906534ab
ゴシックビジュアルメイク,Gothic Glam Rock Makeup,101180,5c6cbd5a670cb362b9a3deec3eb8d604,d0f813ab603ef960c772a3f1da183688,[HQ Ice],2394c8d269e1f1f0acf8b9eadf23c5a1
スーパーナチュラルメイク/F,Superb Natural Makeup/F,101190,1b0cbfaeedfb201d89be131ed6b114ce,38933e2c5ccd7a92d9295926713d17d9,[HQ Ice],363ecd696f7668bdcd3d8f09b3d23787
ノロヴァーシアイメイク/B,Norovashi Eye Shadow/B,101200,13418149d198d847da258e02eae1f6c3,c77d7050e644961edf7da2f915fe8f09,[HQ Ice],71db4c94d2df157c99ecf66bc7e30c01
ノロヴァーシアイメイク,Norovashi Eye Shadow,101201,7c87ac3fcca881f5821bc603cf20c659,03c6db7983182fbd3287b3529e96a3e6,[HQ Ice],5f7e2a707627ad671f6a999e1dd8ffa0
スリットマウスペイント,Slashed Smile Paint,101210,044a848fd246e6090aa238fa726a6641,c8a345d2dc34098f9afb9afc846b1e04,[HQ Ice],cee039e476ee3abf8a4c71555fa0e9d1
クラウンゴシカメイク/B,Gothica Clown Makeup/B,101220,abb5751844bfc64d12248b94a561e484,821a2801f3e94031c8aba37044b7f838,[HQ Ice],201f43fc74c6d8371c6a7ee4bbd79747
クラウンゴシカメイク,Gothica Clown Makeup,101221,75cbf9ec3fe522960111d42830a1b17e,2d7afcb04bba376fc33b2335e7606cc2,[HQ Ice],043f50fc4c9eeb3db77cb042ec3855a6
キラットメイク/B,Twinkling Makeup/B,101230,b6787145cda6ee7825b910ad905b23fa,588cd0851dc73286e1ca1edb6f574f74,[HQ Ice],d39f722c208a711b61de1f45db374907
キラットメイク,Twinkling Makeup,101231,929e7c768332c3e270bff2977f9be0aa,7045b665e56fa4733b77f4192a539b1d,[HQ Ice],c100e8cd4e4d2c97c53221fa1088cfa8
クローノアデヤカ/E,Raven Beauty Mark/E,101240,ee6681768d6d75a51a32ead34adedc2c,58212e302b9a1e84d9195e52d41d70fe,[HQ Ice],b82ca2a1db3e5a8ec4b80308a6d00886
クローノアデヤカ/F,Raven Beauty Mark/F,101241,015e3953d6c249fb22fc95f77b3406c6,bc052f26657e95995f7f484ed2b66a61,[HQ Ice],60b0c12962a70075a770d628a597b313
カラフルアイシャドウ/B,Colorful EyeShadow/B,101250,e707521f8501612e49b261baa152d3bf,520ca5e9814a836d58661c89472a9898,[HQ Ice],4ee2bf4ca7c54c0b7543b9fca7435b11
カラフルアイシャドウ,Colorful EyeShadow,101251,d67568081c009d86e964a51a196de311,171a480dcf0008f812b13f1a7195e185,[HQ Ice],76c0eb6142b32e9f23403b62a99256a1
ハナヤカペイント,Brilliant Paint,101260,d609f9fffbd092e164e5608577bd0f7f,f05fbe9484c270a37cf3973dba338efc,[HQ Ice],96e46276b72ae7877cfb683084dbf4f8
[Unnamed 101270],,101270,7b334fd925b2eed9932ce21b3abb0d07, (Not found),9a20881206de41d8511bb36a05062442, (Not found),[HQ Ice],ae1ff382a3aa797b11b4de524106c647, (Not found)
[Unnamed 101271],,101271,e01b3711516feebed9dc3ecc89cb3307, (Not found),6748858dd241da56845b74abf1d09d7a, (Not found),[HQ Ice],6fb94a0ef7ba647bfa9f7ee1906dd7bd, (Not found)
[Unnamed 101280],,101280,9c4a7647e0dd6e2f9bd967d6cdc0cd6a, (Not found),dfa5713e6155984a269d308724178d7c, (Not found),[HQ Ice],0819075ebb1e08c3bc486a78a88c1642, (Not found)
[Unnamed 101281],,101281,562e58788c0d2774a9fd1e25151b03cf, (Not found),a14041f12461e90d333f01d226b02e79, (Not found),[HQ Ice],d5f0783d16071d92e61b847088f911bb, (Not found)
[Unnamed 101290],,101290,6d59368d9d0eccb6808cbe00d0636f37, (Not found),d5dd91709de38204edfd638ab04af704, (Not found),[HQ Ice],031b373e5acbc500ba5d47f5b24e0a4f, (Not found)
[Unnamed 101291],,101291,def2f0deea9225cc21caf45e3181aa61, (Not found),fdf9eefb7baf88e98beb7955938e6cf6, (Not found),[HQ Ice],d94c6ef9b867ee5fa2f6ce6e85b4d4b9, (Not found)
キャットアイシャドウ/4,Cat Eye Shadow/4,101300,39268eab7afa07c20b36cbb7fd70d32e,e355c4360d2633e9554b7ed5d6057732,[HQ Ice],ff0329bc82b456ac3ca7ee039954f6d2
キャットアイシャドウ/2,Cat Eye Shadow/2,101301,7eccab5735e04c09abad07af65b13ef4,5778686c6ec0926d17286f97c15fb5d6,[HQ Ice],c0a2131d75905f467ddc7c9eae661c5f
キャットアイシャドウ/3,Cat Eye Shadow/3,101302,2e1c2d5949db834e793595846a078974,107d502441892ef685734fda1a4b6ac9,[HQ Ice],aefc70a542490852cd9c3263948bf1a9
キャットアイシャドウ,Cat Eye Shadow,101303,7f0b97e50e20333a139f97f4c1ebe550,77fc19a23c513464c004a4a2b04f68ca,[HQ Ice],a5af5258afba6426d1c430ccf8f67ca5
ムニカゴティカメイク/B,Gothica Muneca Makeup/B,101310,2121dc8c874c087d32fde2316322f862,d5bbb7d9635f960aec2705aa7f52e4bc,[HQ Ice],8f2efde7f6ca2fdbbbeb349b2ab1624a
ムニカゴティカメイク,Gothica Muneca Makeup,101311,3e2401b38518c775f3a77e98337ec44c,cc50f26c90b00761112bb967d2929f05,[HQ Ice],5189f310b5471a31158328508ac20fc0
ラインストーンアイメイク/B,Rhinestone Eye Shadow/B,101320,f37ad4194f5044c24a9ee6fdf4441301,77aac92350f67dce40c135a9e7c9c6ed,[HQ Ice],c48b50e9f228cb9d95de643392f09281
ラインストーンアイメイク,Rhinestone Eye Shadow,101321,b49c4935cbd2afeb4b140acf0d1148f7,5254ec3543b38f429078c0ae5c77a4d4,[HQ Ice],0230a90f884c9993a095e4ba60bb496b
カヌルーイアイメイク/B,Kanrui Eye Shadow/B,101330,922c14b6c7e487c11391e193f7c9a8c9,86aae73fd854fec5227784eb03f7614c,[HQ Ice],d5e2b0dfd514fc3e76500755d4235d17
カヌルーイアイメイク,Kanrui Eye Shadow,101331,c473d811f77e0ef8d9460c36d0efdce4,0612b4d95b0763084ce3f60f9193f657,[HQ Ice],487c40704c0571370fb1a06291cb1478
カヌルーイリップ/B,Kanrui Lip Gloss/B,101340,4412f3d2fc0549a1d073a3c75b2acec7,865b718e12e5bbacd342ae9efd1cb8c2,[HQ Ice],b07fbd51f8589fdc8fafe9d64fb5b468
カヌルーイリップ,Kanrui Lip Gloss,101341,9d9f7a316b05690958895546090325c3,2934ca87532bca0b6819edbb10a266c2,[HQ Ice],574dabcde4e1fcd3365a7e2e18016b14
シャンミーメイク/B,Jiangshi Makeup/B,101350,b8cc0a4b9306305cf7c711d0e981392c,1b537a4150b956447cf4d68b5b06cf24,[HQ Ice],39050fac117a6075e80e0efec6ecdcbe
シャンミーメイク,Jiangshi Makeup,101351,3360dea1e0b945aaf068a05d2e5be0a4,73b638407b44611abada546e56e988b0,[HQ Ice],2fbf3155507d1588a9eb5b671376b343
アースカラーメイク/B,Earth-Tone Makeup/B,101360,a956204df94ea9c8f0281734bb14dc8b,cecfb1fcc31d3db154b4e3735d19d505,[HQ Ice],1dfe08c856dc7e2b2f1b9af16150ed3a
アースカラーメイク,Earth-Tone Makeup,101361,6eac1a8326b5b68042bd1ef10e76802d,281589d9b95ec75fb2c3f0ce983e50c7,[HQ Ice],0d21de05649e4c16fea32aae8359a8de
マットリップ/B,Matte Lips/B,101370,8b0ed78c1be99d39a1dd5680e4378815,c70820bd825a898df0a28bcbb0c1e4c1,[HQ Ice],cc56ca2b60a49ed8fd3d387c2c2431f1
マットリップ,Matte Lips,101371,6fc7ce711521469f50738e38dca2badc,7613d7b097cc577baefdb348a6bdd0c8,[HQ Ice],fb872042ec566f16b8fdd7ea91f7d3be
ハデツヤリップ/B,Gaudy Glossy Lips/B,101380,9eb1b4401d9137a00aefc873b52c97e3,d477a2f16a0f9dfaa7738895cfe192b3,[HQ Ice],6d7ae0a7d0a9bf45220f891534ee6e06
ハデツヤリップ,Gaudy Glossy Lips,101381,dc8ecb82340b1750dc288a2b41077347,fc89086982b86b1725b025471ed423fe,[HQ Ice],146df17569f1ca5bca6d69760295f72d
[Unnamed 101390],,101390,8b0dd61964b81089ff95fea69b92bfe0, (Not found),b8464f746c644be2c0e4a8d268e230ad, (Not found),[HQ Ice],11ea0a96befd8798e3cd9e3f34dbe7e5, (Not found)
[Unnamed 101391],,101391,4630ea3993df3adc482c0f7fc004f500, (Not found),7b7fa281abaf2ebb867a93505992ed65, (Not found),[HQ Ice],af44788aec1dc21e859470972b10f750, (Not found)
グリッターアイメイク/B,Glitter Eye Makeup/B,101400,15a47ee5a8562b27b181e393fb0583ad,2a1f2b593b1944c492f29094b8a400b5,[HQ Ice],574b8910198758596ee37ba4bfc84891
グリッターアイメイク,Glitter Eye Makeup,101401,de0172f574b105663549afb563630e0c,19b3531ffb02ca3322ec8363f85925d7,[HQ Ice],79c79731aa2b795a58fa9cd50bcd38c3
アカラミチーク,Flushed Rouge,101410,79d694f4ed6e5e8fa5c4252740914425,2e017f54f503da0023c6414fc3ca6169,[HQ Ice],2e99cd64dadf1c43cdebc8f5f51af63c
[Unnamed 101420],,101420,6d81c6150b0160d284dee8d2435a65b4, (Not found),09cc3ad723a2206b21ee50e3ac74251a, (Not found),[HQ Ice],e49255c466b433aabf17370086498873, (Not found)
[Unnamed 101421],,101421,056191de157dec6350c576544de7e5ba, (Not found),c92146a360a04666b66f9c74c593feb1, (Not found),[HQ Ice],f8d447797fa27451e0561f583fdc38ed, (Not found)
ソーケンアイメイク,Robust Eye Makeup,101430,1c0e5fcd2343d85ba4343fda7c6005d4,d062d7b68c40217ecc5cd497cbdae448,[HQ Ice],e8f10edd4446d0209d988ab55a818bde
ファンシーラッピーペイント/B,Fancy Rappy Paint/B,101440,e961fbb0b67ddb0edf7b3279b61a1695,86c7b919c20208c6c6721cf442186d60,[HQ Ice],e789fddca1d929160cca065ba14c8ae3
ファンシーラッピーペイント,Fancy Rappy Paint,101450,99d9ff2c0b7ae2b7c8231b1dfa00fafb,50132156ef23cc3737b20c86234f1324,[HQ Ice],028da587b932ca03c1b7c981765dfdfa
ルミナスメイク/B,Luminous Makeup/B,101460,e9b61762472475437779997d83a01b1a,06231810dc0df3d9d3b1c99d305bc0f4,[HQ Ice],27872a1ceba31b5ff2c33a249cfd6a98
ルミナスメイク,Luminous Makeup,101461,126fef678798e179c0b0712d916486a8,0efb4818740313cdf6214d6c00b7bc6f,[HQ Ice],f20cb191b4567eb89ce0ae161cc0d1a3
フローズンアイメイク,Frozen Eye Makeup,101470,0f36ce6b27a46983ad575d12299cb76a,54c04033d9492804b8710a3c73e2dac9,[HQ Ice],2006700ff9bb994526f843c68545b6c8
[Unnamed 101480],,101480,71be46d20dae1909ce8f6420f8294bf5, (Not found),ce715b63d09cf003717e2b580db40adf, (Not found),[HQ Ice],3f22e0c9b67feae904c285248a19c7f4, (Not found)
フウショウメイク/B,Purewind Makeup/B,101490,a3b945c5d2edb8f3a3f5abfb425c4c84,9980927da3412b5933d5d2b01c6219a3,[HQ Ice],605acc40e493d9079157a19ffe4d54dd
フウショウメイク,Purewind Makeup,101491,71e14b0881d051e402a0a9f74d2d2d2a,5baeb4c35229f625b362e2abfc31e69e,[HQ Ice],226a071143df75a83fcfebf583276b50
フウショウリップ/B,Purewind Lips/B,101500,04e5eebdd67bf47679b7d99533156eac,a0d00d0296dbffc5dd0870c7be15b801,[HQ Ice],352516546dbd2322ab6b20df407f5d4c
フウショウリップ,Purewind Lips,101501,edc04c8cd4c1f0f62d19c7a94502c08f,229bf03dee3fd852f953ae3b3eff86cd,[HQ Ice],3a72bb8596d8d06fb22901405e9a7a47
[Unnamed 150010],,150010,79e4c836fe918e4f9e05956a38c60e2f,a0435dbd64c4b420aebdb0ae2b0c38e8, (Not found),[HQ Ice],ea5b0f014bc8e4b55b32d90baa63a7d9
[Unnamed 150020],,150020,3cc9ec64821d4ee8308fe5b987ddb4c7,249b5f7b7f2ca93b7882a9233fb049c5, (Not found),[HQ Ice],cb784778352d45b9d0564dea5448bb10
[Unnamed 150030],,150030,de79df051c3a33e53736489710c31115,8fb29be5d7d7221b8e4305074f4461ef, (Not found),[HQ Ice],3f01008c00e7d21a31ea1bd38ca90571
