{"assets/img/icon_overlay.png":["assets/img/icon_overlay.png"],"assets/img/icon_overlay_l.png":["assets/img/icon_overlay_l.png"],"assets/img/line_strike_board_icon_template.png":["assets/img/line_strike_board_icon_template.png"],"assets/img/line_strike_board_template.png":["assets/img/line_strike_board_template.png"],"assets/img/line_strike_card_dark_frame0_template.png":["assets/img/line_strike_card_dark_frame0_template.png"],"assets/img/line_strike_card_fire_frame0_template.png":["assets/img/line_strike_card_fire_frame0_template.png"],"assets/img/line_strike_card_ice_frame0_template.png":["assets/img/line_strike_card_ice_frame0_template.png"],"assets/img/line_strike_card_icon_template.png":["assets/img/line_strike_card_icon_template.png"],"assets/img/line_strike_card_light_frame0_template.png":["assets/img/line_strike_card_light_frame0_template.png"],"assets/img/line_strike_card_lightning_frame0_template.png":["assets/img/line_strike_card_lightning_frame0_template.png"],"assets/img/line_strike_card_template.png":["assets/img/line_strike_card_template.png"],"assets/img/line_strike_card_template1.png":["assets/img/line_strike_card_template1.png"],"assets/img/line_strike_card_wind_frame0_template.png":["assets/img/line_strike_card_wind_frame0_template.png"],"assets/img/line_strike_sleeve_icon_template.png":["assets/img/line_strike_sleeve_icon_template.png"],"assets/img/line_strike_sleeve_template.png":["assets/img/line_strike_sleeve_template.png"],"assets/img/placeholdersquare.png":["assets/img/placeholdersquare.png"],"assets/pm2_icon.png":["assets/pm2_icon.png"],"packages/cupertino_icons/assets/CupertinoIcons.ttf":["packages/cupertino_icons/assets/CupertinoIcons.ttf"],"packages/font_awesome_flutter/lib/fonts/fa-brands-400.ttf":["packages/font_awesome_flutter/lib/fonts/fa-brands-400.ttf"],"packages/font_awesome_flutter/lib/fonts/fa-regular-400.ttf":["packages/font_awesome_flutter/lib/fonts/fa-regular-400.ttf"],"packages/font_awesome_flutter/lib/fonts/fa-solid-900.ttf":["packages/font_awesome_flutter/lib/fonts/fa-solid-900.ttf"],"packages/media_kit/assets/web/hls1.4.10.js":["packages/media_kit/assets/web/hls1.4.10.js"],"packages/rflutter_alert/assets/images/close.png":["packages/rflutter_alert/assets/images/close.png","packages/rflutter_alert/assets/images/2.0x/close.png","packages/rflutter_alert/assets/images/3.0x/close.png"],"packages/rflutter_alert/assets/images/icon_error.png":["packages/rflutter_alert/assets/images/icon_error.png","packages/rflutter_alert/assets/images/2.0x/icon_error.png","packages/rflutter_alert/assets/images/3.0x/icon_error.png"],"packages/rflutter_alert/assets/images/icon_info.png":["packages/rflutter_alert/assets/images/icon_info.png","packages/rflutter_alert/assets/images/2.0x/icon_info.png","packages/rflutter_alert/assets/images/3.0x/icon_info.png"],"packages/rflutter_alert/assets/images/icon_success.png":["packages/rflutter_alert/assets/images/icon_success.png","packages/rflutter_alert/assets/images/2.0x/icon_success.png","packages/rflutter_alert/assets/images/3.0x/icon_success.png"],"packages/rflutter_alert/assets/images/icon_warning.png":["packages/rflutter_alert/assets/images/icon_warning.png","packages/rflutter_alert/assets/images/2.0x/icon_warning.png","packages/rflutter_alert/assets/images/3.0x/icon_warning.png"],"packages/wakelock_plus/assets/no_sleep.js":["packages/wakelock_plus/assets/no_sleep.js"],"packages/window_manager/images/ic_chrome_close.png":["packages/window_manager/images/ic_chrome_close.png"],"packages/window_manager/images/ic_chrome_maximize.png":["packages/window_manager/images/ic_chrome_maximize.png"],"packages/window_manager/images/ic_chrome_minimize.png":["packages/window_manager/images/ic_chrome_minimize.png"],"packages/window_manager/images/ic_chrome_unmaximize.png":["packages/window_manager/images/ic_chrome_unmaximize.png"]}