ワスプ・ヘッド,Wasp Head,50001,5dfe703eca5d27988d53631f38699266,572308f6bb8eee57271511d71dd1dfba
ディール・ヘッド,Diehl Head,50002,95c2f7f9abfa389ccbd9d8cf99e340c4,09198d0f1ab62b73fc6b0d021eee96a9
ローズ・ヘッド,Rose Head,50003,5763e83f9d71bec75ebc0de42f612cf6,a87e93e1e9356ad7552d5d8362bf8e1c
ファーネン・ヘッド,Farnen Head,50004,d5c54212ae042ad84157597547ca9c84,d4f940b44cc1a49656204ee1dcba34fd
ランクス・ヘッド,Lanx Head,50005,6b445369aee4cafd766cec576214a89d,2d5fde951c0f9612ce2fb994b7247fd6
イオニア・ヘッド,Ionia Head,50006,e28baaa6f96c367afdea9362a9fdeefe,04f0376482595901470223930cbb9f6b
フリーゲン・ヘッド,Fliegen Head,50007,45470f8c286fe788dda43658f415a837,d9d4169b2e48130d34a7b165698037fb
メディウム・ヘッド,Medium Head,50008,8fd97dad8757ab81302b85072bfc7125,14b599a45b723c0bb85847511ba37014
イルシオン・ヘッド,Illusion Head,50009,76fe01b46be37537aa97fa5ad675622a,5b89377b8a4f6b8acc2349e0e9a06855
ラミア・ヘッド,Lamia Head,50010,117c3ce663da156a69b08f5e3d3067f8,873cf307a7d0105ead0b508bdd04b038
ワスプ・ヘッドＣＶ,Wasp Head CV,50020,db6058dcee29f11a0e6ec9ba28680c32,17b5f0a1f7f2e039766f2797b711cbac
ディール・ヘッドＣＶ,Diehl Head CV,50030,4ffd478ecf5d913633769afcf96fb3ea,b46ec09d87528140b9c110781adb0bec
[Unnamed 50032],,50032,0fb76342176e888f6fdd54f91a00f4c4
ディール・ヘッドＧＶ,Diehl Head GV,50033,9c1cc485474e3b676895c4de9ee354d6,c06f3cb04ee586a4c0df457ee4344b78
ローズ・ヘッドＣＶ,Rhodes Head CV,50040,5326bc593b66d80849d5f9b10280182b,ebc6d18990ebc30c1ae6cf0ac092c2c5
[Unnamed 50041],,50041,b1e2f31bdc194831543871b090c641af
ローズマリー・ヘッド,Rosemary Head,50043,70d52a9f672e3022722d83ac94b2ce54,c2cdef6f83b40f2b8b02d2e4fa6b2711
ローズマリー・ヘッドＣＶ,Rosemary Head CV,50044,9268f64abc18d160e961e682eb6abd42,dcc048ea5e36af381787341a547e2ef8
ローズ・ヘッドＧＶ,Rose Head GV,50045,e7c297e111933090e19c7799da1f250a,63801fa7d2bcd0b488f5bc04b9d591a0
ファーネン・ヘッドＣＶ,Farnen Head CV,50050,b695c879c74aff13302f136745426727,1cf7e62662144f12a36b282f9e5a6be9
ファーネン・ヘッドＧＶ,Farnen Head GV,50051,f527b306d8b8b9bc19648ca346dd0678,b01d8f1681aa14a4467bee9b72687200
ランクス・ヘッドＣＶ,Lanx Head CV,50060,750aff7dec1470be33c4d3f0d6cb61e8,fc922f7e296c647e5f814f7d4f91b860
ランクス・ヘッドＧＶ,Lanx Head GV,50063,526afb654b6625d6347124591071a547,6d09af28e59c56f2bfc38fb60818e3b1
イオニア・ヘッドＣＶ,Ionia Head CV,50070,d312a49b3475328d5e85aaf5a2fb7f90,6d80ebd57fd97391f4f40315f7a372fa
イオニア・ヘッドＧＶ,Ionia Head GV,50072,bf8fe3aaaade84e5df1a87265146e1d3,323ea5fa5e04885ef504ec53d71fec71
フリーゲン・ヘッドＣＶ,Fliegen Head CV,50080,5561a9d314adbcb8b484f7192d84a4bf,05640c114862da41df05805912c76271
フリーゲン・ヘッドＧＶ,Fliegen Head GV,50083,8f3764db832c2d26f4c3b872a4b18c65,2d306119e832dc7107f17e671922c056
メディウム・ヘッドＣＶ,Medium Head CV,50090,1dbf49c22c0a7d730604ac6f7647d89d,659d34d05cc0889a2f879a706815f923
イルシオン・ヘッドＣＶ,Illusion Head CV,50100,7f9614a336d41ede6c3c14f2bfec8da9,608e99587bca9f00af001c998fc1a8ee
イルシオン・ヘッドＧＶ,Illusion Head GV,50102,729661a2af6c06ac837cfe48b60dd3ac,fb39a324454f084b72d98628eebec3d8
ラミア・ヘッドＣＶ,Lamia Head CV,50110,8a6477edac5e36dbeec2b8b73edb8252,0d3eb82b5fa8fe2a27e4cbdeec65e834
ラミア・ヘッドＧＶ,Lamia Head GV,50113,fe4dbfc0d4e4acdb7d08c6ff8ba388fc,dd9443e9f326a46ff9de81801b0edffa
ヘルマ・ヘッド,Helma Head,50120,bd071a06fb74519a47f3aa3bbf6487e7,1aab2199bab5eb22dd31da6f6592f51c
ヘルマ・ヘッドＣＶ,Helma Head CV,50121,2c212f673f9e1137d1f3647ab3ca0898,f4f5922b9ef7e8e83d25b7081263d3a1
ヘルマ・ヘッドＧＶ,Helma Head GV,50123,4d3a41d1b7c9ae7bf4879cff665c236c,9f0c0cd10e11e996602186978548fe2c
グリース・ヘッド,Grizz Head,50160,d436a909dc06eb307edbfd0b627fd49c,91c2a60f7f997106a45006e426945dd0
グリース・ヘッドＣＶ,Grizz Head CV,50161,a706d3aeaeb59089090fe93b6f9f3217,6f75159b0299ad914c82171b632ff1c2
グリース・ヘッドＧＶ,Grizz Head GV,50163,dc0f01c98cbe855f59ef2e3f6948f6c8,5a3bfb2e98993bac4d836dcceae49933
ヒルベルト・ヘッド,Hilbert Head,50170,a0f5239d152f68bfe9d536646d1d3699,68b304a2a9d75b49853aafba9c59a415
ヒルベルト・ヘッドＣＶ,Hilbert Head CV,50171,a05b989978594d7572e3d240b17f5ed1,135c52ecf2c6782f934925edfa72a3df
ヒルベルト・ヘッドＧＶ,Hilbert Head GV,50173,85c429d95f7edb3dfa76205533229bf5,d48d8c1aad38da015039acb6f07415aa
ケルビナ・ヘッド,Cherubina Head,50190,7a29a40a06884d7ddd162b47e7c87dfd,95c5897fd4988d89ee9c1b6121f08ee0
ケルビナ・ヘッドＣＶ,Cherubina Head CV,50191,5cd302f9310e68c51bb27e81543f41cf,2b83a831e4ca3c513cd99d7abd4e4647
ケルビナ・ヘッドＧＶ,Cherubina Head GV,50193,6bd1b4d47408e7d4a3e260ad004a542d,b673607f7cd93376d01b70c0e847bd46
ナジン・ヘッド,Nadine Head,50210,4e4f62c426c364265027d6c365da056e,50fa0cc606fe1d20d07cd275355de0f2
ナジン・ヘッドＣＶ,Nadine Head CV,50211,94c4cf258e7914d13d59fb45686ccb8f,6d063be84b5dcc37b2c472d648119ba7
アルビダ・ヘッド,Alvida Head,50230,c6aa5c733610d1e0bde628f7913af150,013bf6a90710f023fc70112355b26920
アルビダ・ヘッドＣＶ,Alvida Head CV,50231,0fcd1d549f07f009a0e5b8babef95da0,8cdddaea23a60cc44700a969030d285f
アルビダ・ヘッドＧＶ,Alvida Head GV,50233,bfc7f91c15e46a625a06672f902ee423,eb2fd0b7dcd325cb508b7003f26d2d9a
ウィグナー・ヘッド,Wigner Head,50250,dbfd53b495c8db311003745909e95702,490b58b0204bb3e306498b19c49018e7
ウィグナー・ヘッドＣＶ,Wigner Head CV,50251,56f831cde432305eeaa80efb18aa5f97,f761319797e4b6821321c83a24f3ecb6
ウィグナー・ヘッドＧＶ,Wigner Head GV,50253,0c7a4833605c385a89ab1e634df02a80,9e9b7e7a1c17ca456416eae96f50ac20
Ｒイノセンテ・ヘッド,Reus Innocente Head,50260,3bfbc6aa27470226827a9a54678352bb,7bad92a10b4cc736a61bd7c29ac601cf
Ｒイノセンテ・ヘッドＣＶ,Reus Innocente Head CV,50261,8248ff63b4ea878b965bcc11b5ad083e,a8db69c36ab417e7f4acdb66aeaac3e5
Ｒイノセンテ・ヘッドＧＶ,Reus Innocente Head GV,50263,ab204dc865d50e8e42e9e02445f4626c,bc4aa88f28ca4db5e0e398add5839376
リジェラン・ヘッド,Rejelan Head,50280,6e4a705349858052eda4d82656819c61,2b4aa4621c67715256bab5403e1d2566
リジェラン・ヘッドＣＶ,Rejelan Head CV,50281,91c2cf69641b81733f9a286dabeb555e,c493d0c80afe853afb581574aaf58015
バイラリン・ヘッド,Bylarin Head,50290,98d3d539be11983d52768b61cb01ed35,50794b710df8a3701548fe9987518ccf
バイラリン・ヘッドＣＶ,Bylarin Head CV,50291,4fc6dd4569e817b7fbb6ab25d535b079,2f94725e6a7326eccb0e51aa2e27b9d8
レヴァイア・ヘッド,Revaia Head,50300,ab24a28e6f1939ad6e498b55d84a1a86,16c88cb2bce0eefc00b808fbe06c47e5
レヴァイア・ヘッドＣＶ,Revaia Head CV,50301,3f9b651830b1a3aea8932b2c2bfb2641,a7518fbf604faeec589ddfc7d0b460ec
レヴァイア・ヘッドＧＶ,Revaia Head GV,50303,9b6f8c1be74eab11c0a23681561519a1,380792f360f8bb8f784c8434d65b0e7f
ピオニア・ヘッド,Pionia Head,50310,4813d549ab019a3c7b7c6a03df4c7570,919ecf129c63c7c9fe982394a64ebea8
ピオニア・ヘッドＣＶ,Pionia Head CV,50311,0ebce2c9c78edd43bdbc1da93f14f0a1,7a218c44a5c416b31150d8ac4815c500
ピオニア・ヘッドＧＶ,Pionia Head GV,50313,2d5a341f89fdcbd854db4f2a15bbb601,bf8af093fca38c32ad5dd4f369cfa482
コーブレス・ヘッド,Cobres Head,50320,e41268929b2e9d77d4c20b32feba4eaf,c71136e5226a8b7652c7008c8069a925
コーブレス・ヘッドＣＶ,Cobres Head CV,50321,6180afcbe3814f3c8f5bef4913960aca,9fbd04de1ea6c11d475d8e1e4d00ffe4
フウリンカ・ヘッド,Windblossom Head,50330,a71798e31ef294218664c4bfcaeda7f4,1b241b189132bbe3cdc1a24c6932c84c
フウリンカ・ヘッドＣＶ,Windblossom Head CV,50331,07c6bd80d8e085f17e9d1ba04eccae2b,2b46c09592fb1cc9c434d6afde457aa7
フウリンカ・ヘッドＧＶ,Windblossom Head GV,50333,6645da7e2bf9bf987af5d47e3e748896,578decdc02664584c28d342626cdadb3
エクレピスト・ヘッド,Eclepist Head,50340,6abc55ae086f8c0d9663eb2ecb2d78d6,710d805a19949a34f8845fddcd5a5336
エクレピスト・ヘッドＣＶ,Eclepist Head CV,50341,16607d651ade4de4fa06d10257f71dcc,ec093fcfd70b837a4435356ce953ddbe
エクレピスト・ヘッドＧＶ,Eclepist Head GV,50343,259732e9674efac09f63916cfeed2841,497aceafe56df718e0e2eed0e39cd7f9
ローヴァ・ヘッド,Roava Head,50350,f91da3d987f5521d06612731f74d02c5,6bcbd5ba2b00eb43e4b79342cc52c44d
ローヴァ・ヘッドＣＶ,Roava Head CV,50351,821150db7f0834156cf22c7d84351a5c,4069144a607fd987737fcd003dcb3060
ローヴァ・ヘッドＧＶ,Roava Head GV,50353,145c923680b5ffb7cbfe5fa079668e18,60e7741b080c6eb3590a21a976657de7
サヤヒメ・ヘッド,Luminous Princess Head,50360,e0a9755ed59bf6dd7d5b5172cbe33b13,a07b3a12ebe8ac503b3e97c4fbb34615
サヤヒメ・ヘッドＣＶ,Luminous Princess Head CV,50361,f4cc68e6c93f59e1be5aa86dab4ecce5,8bfebfe6d48a2719bdc0097bf8ddb02a
サヤヒメ・ヘッドＧＶ,Luminous Princess Head GV,50363,fa3b315c1c07b1262e07559888705c07,21ae8de757145fad55e331d937418bdf
リファシル・ヘッド,Refacile Head,50370,a4be01eee1190863c2b35e0a26d3ccd7,c3dab62bbb3da24bf869144faa0263f2
リファシル・ヘッドＣＶ,Refacile Head CV,50371,491c72fd3cc67eb0b1dc41167e89e671,e4d9a2ebf49adc1b508aa7f06a1a7aca
ヒメセイタカ・ヘッド,Himeseitaka Head,50380,e5f83dfd20cab5fd665bf0bb3faa1be4,03e116085ecd4a99fe8bca78235aacd3
[Unnamed 50382],,50382,a830606420b85adbaff504da6815a3c8
ヒメコンガラ・ヘッド,Himekongara Head,50390,98ca3da7ab27c5c2c19e8c3eb9c680fb,c3da651adeaa701eae7cf9458a86616e
[Unnamed 50392],,50392,45dfed8fb2d4135524050d8fc724cbf4
シセイタカ・ヘッド,Shiseitaka Head,50400,a15a924fa3ff03c370fa91a4ba018bfc,07396980cd4c873544fc93ddf02efdf5
シコンガラ・ヘッド,Shikongara Head,50410,e8588dd2d7794d314db66aecd97f04f6,73ab2b5404a283db2a837d81acb6a0f5
アムアイラ・ヘッド,Amuaira Head,50420,97622a55615b3377a767891e7dff159f,ab87488f684c2b63a262845ee975f675
アムアイラ・ヘッドＣＶ,Amuaira Head CV,50421,683aa26964f97cbcd218431b0effa7e0,47aad01bc546b135de6e35fac33ebf3b
アムアイラ・ヘッドＧＶ,Amuaira Head GV,50423,8ad9273f810665bb12621eb9c99ef863,36b296b2a715ce78b569a36785a9f1e4
サフィーア・ヘッド,Sapphir Head,50430,22e20cac631b72ae4d28b5c8b5215bd2,cf761489351b6ca5bee6e37bcf4eff32
サフィーア・ヘッドＣＶ,Sapphir Head CV,50431,37a57fab16ed9104ccccb96c498990e5,3210c2d1c5a398199781f6e469cd097c
サフィーア・ヘッドＧＶ,Sapphir Head GV,50433,e2611a3379b3b59a2f2218ca0543a429,8923d4d5911e91e61f9dca19abfb2e99
シャンフー・ヘッド,Xiangfu Head,50440,65ec993486e23ceea6a616ab739a75f4,8f9739afe475a7920394a713bda58888
シャンフー・ヘッドＣＶ,Xiangfu Head CV,50441,df222113d56ae3430592241974fe42ff,0c2eb838f580101d813c2decbf0b7d44
シャンフー・ヘッドＧＶ,Xiangfu Head GV,50443,71ff17ea27e101f90075c987745cfcb2,33afa8c7003248f7007694889cd677cf
ルセリア・ヘッド,Lucelia Head,50450,0d1262a65f5a2af5a427ea75e8fe0365,bbaf8b42139a8b73f885d4f1a10e1864
ルセリア・ヘッドＣＶ,Lucelia Head CV,50451,0b7bfd8541092749523be3afc206e794,bafec6e327260bd936214586e82a3d7c
ルセリア・ヘッドＧＶ,Lucelia Head GV,50453,4998f3ca88f79063be5526ca50dca77d,221c15666b4b62c7ad27943689cbb6d8
デルマーチ・ヘッド,Delmarch Head,50460,ed034fdb78682b8a14d6621b579ce912,8c30a71353608f6b3dd6f27d5ddb8e65
デルマーチ・ヘッドＣＶ,Delmarch Head CV,50461,9d26ca0967d40228304db03a0d7c21bd,d61c3045163dc78fed6dcaf272c0b654
デルマーチ・ヘッドＧＶ,Delmarch Head GV,50463,04c9091ad0f2f4855bc36c112803f6af,b949bdf0444846623f7f85d54b8cf12b
フレイジア・ヘッド,Frasia Head,50470,37723a3fa4b308f834f6fd93b7efcf86,686b6333ea12cb756e77e11fdb2989a8
フレイジア・ヘッドＣＶ,Frasia Head CV,50471,11af06e989c79e8f2b2275fd2f400292,d322cb20a7f12ea0218aedc81c79fc58
[Unnamed 50480],,50480,dd0c9ba803710e2b22be9f67d3268050
フロンティア・ヘッド,Frontier Head,50481,c8b8bcd2b45ed877b03d2cd3488fe836,199a931a75981356c376c27f372cb8ce
ワルキア・ヘッド,Valkia Head,50490,93ec5e0c494adacdbb0964868c4f4039,3047ac5edd22c2fef8aa726f0d6cc3bb
ワルキア・ヘッドＣＶ,Valkia Head CV,50491,1f8de8d649b6fc3d8182353ce7665a15,b8b05cc0a77450238dca773c35f181cd
ワルキア・ヘッドＧＶ,Valkia Head GV,50493,38f130354cda90270b647fcdf1e74c45,f80761ac82c3d1da1522a5714fb73c45
アルナール・ヘッド,Alnaar Head,50500,cf0b10d4900b19b60aa94c902fb7e00f,6a1536cc80981095aaeff284ff0d8501
アルナール・ヘッドＣＶ,Alnaar Head CV,50501,dd07ab733ef72dc0986a75b1890e5fa6,740ead822296d443e6f51be238915690
ウィルカ・ヘッド,Wilca Head,50510,e92d3ae98df4ba34508c7adbd8138afc,f1f98317478a8c7f39477ae74b01ecd1
ウィルカ・ヘッドＣＶ,Wilca Head CV,50511,1eac00c4ea21b630f439d3f45a299379,692c33a0a3a872f86dda1fd5592d1420
ハローゼ・ヘッド,Hallows Head,50520,235eb36fab64a07cf56eb58bbff99864,60ac93051f5783d8cb6761564face660
コルトゥ・ヘッド,Cortu Head,50530,e5cda95bf12ff0b584dc956b59a29365,76d6f2b53d06444c120786619a23ae50
ドラウリア・ヘッド,Draulia Head,50540,950ce4a8c50e1bd4a4a76f65640bc1f1,5742b6e83dcf31ffda311b003b9eb297
ドラウリア・ヘッドＣＶ,Draulia Head CV,50541,304f9588581c32b9112fd23ca661e76c,198466241855ee03274a00ba3cc8b80d
クレスロ・ヘッド,Creslow Head,50550,d29d3b50a69881c89efee501d5134c11,40e23a8cb3202f4f986c4f281f334ac6
クレスロ・ヘッドＣＶ,Creslow Head CV,50551,e64a2b864e5deee96bcc23f3b5a22af3,46c372d3bdabd442c53b7344246f66ee
クレスロ・ヘッドＧＶ,Creslow Head GV,50553,cc32e8bd96d787fb326eeb4db754c869,72fd7690456964072b0c5fb8e0089c97
シルフォス・ヘッド,Sylphos Head,50560,6c1705b16c69d5625c9bc4cfc79d3e56,66d0fb3793d9c86c8bf4ba94b0cfac21
クロワール・ヘッド,Croire Head,50570,9c8c547368bdb16301f75ee81521f5c6,13375359c0248dc0665d20ce2f67f435
クロワール・ヘッドＣＶ,Croire Head CV,50571,fa119cf5d745148bcb42eb55655e081a,118abe6bce8e3d77254ac8d5d78547dd
フェマーレ・ヘッド,Femare Head,50590,50f143fcbedb27ed595d2c73f5e6034a,adc10a2c26b5dad009b2b2cc254de5cd
エアロス・ヘッド,Aeros Head,50600,d1a0144ab1eba1fa856d0dcf04ffc288,44842ef5b88534024f28b09d40e3ae67
エアロス・ヘッドＣＶ,Aeros Head CV,50601,9dcb9e06c8639cb1073006f9ffce1687,b1493ad4969f9fc07c55373ecf2215eb
シュバリア・ヘッド,Chevalier Head,50610,32df28bca85d885cc67b950753b26b6c,008e260abe89dea6eb9d81ac9b47ba9b
シュバリア・ヘッドＣＶ,Chevalier Head CV,50611,d0f21e76fd79b8fba6c8692c7b505138,c88de1433279d39b57d42679aa0fc997
ニンバス・ヘッド,Nimbus Head,50620,65ff3540c50e1cb92d4a87096b69ed46,b6542e209124d4d0f9bc67ccb0db19b5
ニンバス・ヘッドＣＶ,Nimbus Head CV,50621,7048e80990e78d2da252b2bc4c2ffe9b,c724f3578f841bc2251512152ea096ca
アルキ・ヘッド,Arche Head,50630,b5fbeff02f760e021f707ac76a2c0d73,00765bdec74cd79743197dc07226ddd0
フィリン・ヘッド,Philinne Head,50640,18879d326cb5aaa347087f5ae0be3f26,55adbc2002d4f995359328f3f9c5e8a9
[Unnamed 50641],,50641,c312f5f47c8f65bfb8dd4a4c2f70680d, (Not found)
フラメル・ヘッド,Flamel Head,50650,6bb5b64c569f2860f47fa0dac447b3ac,818c4b334c59b64b670faec7931b56d0
フラメル・ヘッドＣＶ,Flamel Head CV,50651,3a41ecd3f5da3cf45f32c935c6761910,0d9e51a20ce9567bbadc1c159e30d5de
マーヴ・ヘッド,Mirv Head,50660,266df2ca038202a4a562d32a2b90028d,edd62713077b0b175572de3a40e9de03
マーヴ・ヘッドＣＶ,Mirv Head CV,50661,b237a9a1a6dfc68f9f8fa9b05c40a5ac,d42bd1a80c12a10fd5cc7b81e0ee2baa
マーヴィス・ヘッド,Mirvis Head,50670,f46fb5a9bb6af2acd2ec5580d0a6bc92,bbe8d44438c6c488c65c2d29a0548925
マーヴィス・ヘッドＣＶ,Mirvis Head CV,50671,22c1de5dc13ff3ace4b5e1e8976e6cc1,2dc110bb7d0d570b9e06473eb7ca1ea5
[Unnamed 50719],,50719,1d5c0b5465794d464d9ed7437cca20f4
[Unnamed 50729],,50729,d41649c0dcfa0a619534857d5e0629ab
アイシリカ・ヘッド,Icesilica Head,50730,9acca71e91e0af22bfb92db6193f76f6,5439ba16d2c7d6890938c7a2ab7af6ab
アイシリカ・ヘッドＣＶ,Icesilica Head CV,50731,2db26797d3fe49a3eeb6751f56e7e6c4,21be7388fb18f74a3506bae625421f69
ユーテルペ・ヘッド,Euterpe Head,50740,e36002e5729aa770b420bad874d7cf79,0ca22d6cc581a3f89ff4b57ef84254a7
フロリック・ヘッド,Frolic Head,50750,6e2ed8dc44392cf9b0defcc256efe74a,0530f8f75532a7c49e73a4f188ff9e30
[Unnamed 50759],,50759,71431558bbd5e704a1f9667fe8a3c902
[Unnamed 50769],,50769,df32ffbf462f98e3aa5828dd4929148c, (Not found)
ナイトメア・ヘッド,Nightmare Head,50770,1e0836d4f9197aaeba4b88116356afde,e2e7071bd57d17e9d40f70564c33fc8d
ナイトメア・ヘッドＣＶ,Nightmare Head CV,50771,f922e5d5c210478f5737332ba0c3914c,64182c5a1638277ce7a5396e410ebbeb
ナイトメア・ヘッドＧＶ,Nightmare Head GV,50773,66da4df814a3cdf40462eef88dc26da7,f33e25dacbdd65d8eef244c0ad7470f0
リュドミラ・ヘッド,Ludmila Head,50780,a1d9df8b5b29f68875b177f16bfc0a1a,e0fa7dd0b9d320677e9ae2f391fbf70e
[Unnamed 50789],,50789,153819bce2740b78d182f77cb18e61ac
エグザリア・ヘッド,Exalia Head,50790,73f9d6f462522a47914501efd0f7cfa4,4bb6a6f6bae02385bc1aba1981e8465d
エグザリア・ヘッドＣＶ,Exalia Head CV,50791,8ee1844a7d23af0c7ae6a7174cd0d3a3,0fc653c91d3043910a2a1c1604d555d8
エクスマリー・ヘッド,Exmarie Head,50800,93b15c2750d262e0f4e06ffe7e80a03a,2d8908da1474a40ceb2b732e09ce136e
アンファング・ヘッド,Anfang Head,50810,a03692a5c4607dbec97a3aa91c9cc09d,00129a1eaae3f7d714561a1348d5ffcc
ソルリス・ヘッド,Solis Head,50820,ac153eade1255c228011ce2b81fc10d4,ae236e1424b377d60a962c7a5cb657e1
ソルリス・ヘッドＣＶ,Solis Head CV,50821,6091a6a30d22724ea8317344dcb45f26,9b06570c57df2fe32b649b7fcfa8e1f4
[Unnamed 50839],,50839,fda0fd0f4cf5784c34b3005002343140
[Unnamed 50849],,50849,6796096c93b209533f308df233966f4c
フルータ・ヘッド,Furta Head,50850,7e46b08a1292b15f5851b4c99537f7a2,614460f65480234190ca6a50c0aaed3f
[Unnamed 50860],,50860,cf2527def9dc68f6bab525b7f6e12f54, (Not found)
ユリエン・ヘッド,Urien Head,50870,13ec2b119f4f9c5439766fca95f21124,49a1a43e3ee386dbb736013a7fadbe92
ルコット・ヘッド,Lukot Head,50880,5964d8e6e565560f35fc7c7b8661a188,dfff66ef2afb89a1db1f65ec1e1a732d
[Unnamed 51000],,51000,0bd7f275d33ef4795104ea3dcc7dee47
