[Unnamed 40000],,40000,ea4c07123205d546c97c91dd5bcf7727, (Not found),
ディスタ・ボディ,Dista Body,40001,da2b663844e3cac930b9333565bf61fe,53802130ecc0acf4e30c51142a671fbb
ロニア・ボディ,Ronia Body,40002,49cb284c7363c9ee5ab33137afc198b6,6c8ad030f1e1ca5e8af6b2d4150c9f1a
ファウマ・ボディ,Fauma Body,40003,6d0c875fb777d4e036e63ef033db716a,b8625710b4ffd3c2c6932735d0538770
ジョーカ・ボディ,Joker Body,40004,e9bec7f0e15d46dd7990d43c355fc280,77c2c6720ffec1329b84041477f74b15
マギウス・ボディ,Magius Body,40005,bd3641ac1aa4a772656e68099b54778e,c9d4ff29b00aad2b0c3228aed197d73f
シェリフ・ボディ,Sheriff Body,40006,a52ceb25e5e36a53b320dc76d76cd730,865c0ca1af32d340b3607b1d926c1960
コロッサス・ボディ,Colossus Body,40007,bc3c99ad79cb2fe521ca2d9e09489503,ea18a2602b5204f9b5e3449aea7c65b1
バルドル・ボディ,Baldur Body,40008,1dc150ffd617426588532453f1569495,f7723d8535bc327ae4f43a52b0222f95
アングリフ・ボディ,Angriff Body,40009,1500f67f321390c9e16a06a6db4fd09b,4243e72941477a11f854d2b7ce2ddb5e
メルダー・ボディ,Melder Body,40010,a42bd90eccc1370729376766c20f2aec,74e43d939e49dedfdf72352b11fb9f47
ディスタ・ボディＣＶ,Dista Body CV,40020,a0f65900a4c3aa61808747efa70c06f3,676201bd36894ee5f52ed7d28b98dd19
[Unnamed 40022],,40022,004f934127d3839086e00bb96be01e4d,
ディスタ・ボディＧＶ,Dista Body GV,40023,83a42d730fc3640ff6fd01a033c93971,540d520118e8bcc005d471a7b6ea7896
ロニア・ボディＣＶ,Ronia Body CV,40030,4fafde88c0a3ef166f6259ddfa60f71b,3f23e541e923812f3c0e9e22097e69a7
[Unnamed 40031],,40031,87e1a11ba939ad03184a87b0c3ca42a5,
[Unnamed 40032],,40032,f86479bf3f03c4bf362902dbb357dba2,
レギア・ボディ,Regia Body,40033,48c88248fca090871c57f6980138b1b2,1c5d310e34ca4259717ca249b73d3882
レギア・ボディＣＶ,Regia Body CV,40034,4dafe8278914a254cd8fe950f58d9249,ac2469cc23a93901ceee5c7def0a7c47
ロニア・ボディＧＶ,Ronia Body GV,40035,b64d06db451a739ba0cd5cccaf5e9c09,7076bff326efec9bfa43615cf4af5ea2
ファウマ・ボディＣＶ,Fauma Body CV,40040,622d2ac34951373bb70e1ef5e66c896f,8d16073603c61aa79e6f0f39f801b9f0
[Unnamed 40042],,40042,2e72cf570e6a5f18a510b0cc4b252f06,
ファウマ・ボディＧＶ,Fauma Body GV,40043,9d915ba3aba129eab9eac9df9e7f669a,a4eed8f56c9bed97a197513534921fa4
ジョーカ・ボディＣＶ,Joker Body CV,40050,69ee56763138dad18869665489898adc,44ed62b424bf010a152b41e44300f771
ジョーカ・ルックス,Joker Form,40052,e9bec7f0e15d46dd7990d43c355fc280,de8ae864b6753e8be9f82efa0dc17717
ジョーカ・ボディＧＶ,Joker Body GV,40053,edd6adc53bdfbe9fdd6c3eda064e7bf2,63486d6b6d486aa5e76ea61e7ea36e81
マギウス・ボディＣＶ,Magius Body CV,40060,28b09563382b5ad28bf11a4933a3b45b,ee22d387ebf894bd2891833655e9b7c5
マギウス・ルックス,Magius Form,40061,bd3641ac1aa4a772656e68099b54778e,b01e40901875f0bfb5cb9c2ccc874941
マギウス・ボディＧＶ,Magius Body GV,40062,38ea148fd48938547a414e46a6c76590,eb673fb07f2d6b8fbcb8e0ac6fcd8576
シェリフ・ボディＣＶ,Sheriff Body CV,40070,768e3fad3bbc089444ca76922649354e,073b66fc55d2adcd80a411eefbf1d285
[Unnamed 40071],,40071,18f86bf43b21bb8b0cb6a929c40d1922,
コロッサス・ボディＣＶ,Colossus Body CV,40080,8cf53c3969b0bf4c39b4cabf0a71644a,f232269ffb8260590aa294b0ee4a6620
[Unnamed 40081],,40081,3e4b3cda4d440e6715f5248252fa403d,
コロッサス・ルックス,Colossus Form,40082,bc3c99ad79cb2fe521ca2d9e09489503,85128e122abe9171f0bacb313f4e186d
コロッサス・ボディＧＶ,Colossus Body GV,40083,a192c5168c582ed490ca966d4fb8ac7b,3a3d103d5c20387b2ba94fc98d9008b4
バルドル・ボディＣＶ,Baldur Body CV,40090,bef1a5906193c27707499afe43bb5bd0,3fb6daf92f30dcfd7b14df4d3134adb8
バルドル・ルックス,Baldur Form,40092,1dc150ffd617426588532453f1569495,b6ab6794b04dd2514e9a637ef34f1514
バルドル・ボディＧＶ,Baldur Body GV,40093,dcf43a45027aff827fa9a1b3bb5a9345,e5a7a17b4b7e8c66ad7eec615ca4a77b
アングリフ・ボディＣＶ,Angriff Body CV,40100,a869ad8535e0ce89e149f093bfabdce0,2a4fe4eb356a9648bba4cd6f7f588df1
[Unnamed 40101],,40101,ef9bb00a604c2851aec83378e3c6ad3e,
[Unnamed 40102],,40102,56bfff9707a7427c7d91294c604ea7fc,
アングリフ・ルックス,Angriff Form,40103,1500f67f321390c9e16a06a6db4fd09b,6341ff666ce079b3a22e76af2a0595ab
アングリフ・ボディＧＶ,Angriff Body GV,40104,beb5d49bdc7fb72dbcd0f65d63bfdef1,89cdb84f38af535389a4237b19f1e744
メルダー・ボディＣＶ,Melder Body CV,40110,d98c282c59ebaea9344bb3165637fe65,03cf67596fd53cae83472461aca2111b
メルダー・ルックス,Melder Form,40112,d98c282c59ebaea9344bb3165637fe65,9b28dea7fb22cc749f278bd84fdab320
フィルフ・ボディ,Fylph Body,40120,fbe280e8251e54e8cc7d0a16bbefff9c,7a8e4e38cf273f15a909a68708d9dfe5
フィルフ・ボディＣＶ,Fylph Body CV,40121,cf07677281f84c34abd860acadb935d2,def1461985badc008dd369c16867ce88
フィルフ・ボディＧＶ,Fylph Body GV,40123,13ecd312b508e3b04e07889e27058d5d,1e9e807687fd31e9fdf87f94e3df3709
ゴウボイド・ボディ,Gohvoid Body,40130,76c0d24063dd858b6738fff88c1f9332,26ba42db82507f5ce3cda7fa8c166b57
ゴウボイド・ボディＣＶ,Gohvoid Body CV,40131,705d6c2b53fe2456828868cf9e605024,29b129ae0ccc1c253ae8a092a1d19a84
ゴウボイド・ルックス,Gohvoid Form,40132,76c0d24063dd858b6738fff88c1f9332,954d05ad80968fa753bc2667357fb55b
ゴウボイド・ボディＧＶ,Gohvoid Body GV,40133,d3760671691fb03cc161e540ca6eb4be,e0b17b3e102c8a23fcf9aa90301d38cc
アラオ・ボディ,Arao Body,40140,629698e767de22ed636fc692bb7b81b7,529e80ded32d93fb40fc90ea82f5b4cc
アラオ・ボディＣＶ,Arao Body CV,40141,0752d993400f6aaaa3dc7a7472f284f9,537a29a7c128748d48db0c36016e9362
アラオ・ルックス,Arao Form,40142,629698e767de22ed636fc692bb7b81b7,133fea8bea056904e53fba95816602a4
アラオ・ボディＧＶ,Arao Body GV,40143,920b862bc534a35b5e1cb77c8b9f466e,146f7d3167fb67c17feda56d713b940d
ベルガ・ボディ,Belga Body,40150,b84aef238776990ad85f5fed185155b1,8259ae4308d1ec8891fa01a36ad3e20c
ベルガ・ボディＣＶ,Belga Body CV,40151,7d40fb6f496db821e746a675094ea23c,515199c4c739791a294cb89d0fd27d03
ベルガ・ルックス,Belga Form,40152,b84aef238776990ad85f5fed185155b1,99acc89e1306d401db337161421742ea
Ｏフレーム・ボディ,O-Frame Body,40160,8e3b9f7406f72e18e3376c5fb720313f,b19f6b719640213a5af8b01101d22f16
Ｏフレーム・ボディＣＶ,O-Frame Body CV,40161,e132d635a10f21dfe0cf6dbbbf27ad08,93cf990bf5883d7e9d0056d74a5ec7e4
Ｏフレーム・ルックス,O-Frame Form,40162,8e3b9f7406f72e18e3376c5fb720313f,e5960e869c72a890d21cdf6c0344aa5e
Ｏフレーム・ボディＧＶ,O-Frame Body GV,40163,94d71156acba5f4a706983726f4eb874,4be701b387911d6399b63cf99278099c
ヒュリオン・ボディ,Furion Body,40170,4858161cf6e6f5313288c68c8cdcdf74,5d7ad6ef46ccdf86d6f6b51f4c9c3c0f
ヒュリオン・ボディＣＶ,Furion Body CV,40171,f2ef07cdeed4811815eb87681ffdbd56,fa08a26b231d624e0f0408863c6e4de6
ヒュリオン・ルックス,Furion Form,40172,4858161cf6e6f5313288c68c8cdcdf74,1b3152e08497defb9cb7a0afcc5d3fb5
ヒュリオン・ボディＧＶ,Furion Body GV,40173,e02173bfa01e4d1ebad0ca8e5e344f40,2562bc188005887ee9072fae3e97451a
ディヴァリースＦ・ボディ,Divaliese Frame Body,40180,1c82f0f851d3f6f635959dbaa0d14396,f9a4fb1b3a05a6554c5a2033d4589350
ディヴァリースＦ・ボディＣＶ,Divaliese Frame Body CV,40181,096132052031a251c136e23f0929091f,f821d129b94b8be1f5de1fb4faa22b81
ディヴァリースＦ・ルックス,Divaliese Frame Form,40182,1c82f0f851d3f6f635959dbaa0d14396,405f0a321a70e1800391a3752d769fb1
ドレーク・ボディ,Drake Body,40190,882dfbbf814d7e958ee1505c0a9086ad,302fd6551fb48f8ce2f65de495d5ca50
ドレーク・ボディＣＶ,Drake Body CV,40191,8d9e0fd90090d3a4c07822f614218a19,d80f28da923cb4dd3f32aaff93ed870f
ドレーク・ルックス,Drake Form,40192,882dfbbf814d7e958ee1505c0a9086ad,bdad8a80fdfb4e445c0ef9ffb5dd7344
ドレーク・ボディＧＶ,Drake Body GV,40193,7aa8214dc62dc53e2cf0e6b9e3d8a822,3539e3a6e412481a3188fd355a697ec6
ジャスティスＡ・ボディ,Justice Armor Body,40200,224062e3dc3c27504eeb650fd840fa26,754a6d0203d768ea225a7b7b29b0949a
ジャスティスＡ・ボディＣＶ,Justice Armor Body CV,40201,dba29616b5264331c3a5067564cb8f94,205659e86907c45f644e18130ea6088d
ジャスティスＡ・ルックス,Justice Armor Form,40202,224062e3dc3c27504eeb650fd840fa26,0e15ff84fe1b59e81c22fbd9b3a923a9
ディバインＫ・ボディ,Divine Kaiser Body,40210,ca680a426dd8deb4454e394f3ad8293b,1a9c1aaa49bb3f7adf8a7810ae024d85
ディバインＫ・ボディＣＶ,Divine Kaiser Body CV,40211,259245a0234ecde4bf1d7b9a9ce3a199,bedfdf969c90504d8ab7ff0744520604
ディバインＫ・ルックス,Divine Kaiser Form,40212,ca680a426dd8deb4454e394f3ad8293b,90f97eb5cd26fbdbc305c7013c26c813
エヴァレット・ボディ,Everett Body,40230,fb63451a69ada6814c569e171ed6d570,005be6ea7ea3cac8e8b43cf0c238f778
エヴァレット・ボディＣＶ,Everett Body CV,40231,8f84915c9b26fb68f68f5fed8bc8a9d9,da25c7769ea59b83846114a085c215e4
エヴァレット・ルックス,Everett Form,40232,fb63451a69ada6814c569e171ed6d570,7d216e7802467c194e461739a4a51b27
エヴァレット・ボディＧＶ,Everett Body GV,40233,de5cb146c2098843f8245adda6c7c775,32e8960b2ca0a7a4be4b1d237aaafef7
ベイバレル・ボディ,Beybarrel Body,40240,6f800c78084b917e1e69cd7de889a0b6,a13edbb7bcfa5931494cef6b6906f402
ベイバレル・ボディＣＶ,Beybarrel Body CV,40241,64afb9f5237adf4bb72719f5f525d956,ed2dcf5de0b481d98f62f17d4596409a
ベイバレル・ルックス,Beybarrel Form,40242,6f800c78084b917e1e69cd7de889a0b6,570b7c8dc44c2cf7436d8dd3f971e792
グアルディ・ボディ,Guardie Body,40250,92fb88ae04a499affc8977d41bd94ec5,10ca6169471a1bee6887880621333400
グアルディ・ボディＣＶ,Guardie Body CV,40251,8c3122fc1d8f99044fcfb7d32aabf4a9,c5b2b8997c45a18d76a291298aea20a3
グアルディ・ルックス,Guardie Form,40252,92fb88ae04a499affc8977d41bd94ec5,1077df8b171ab0a3f052d3a953aa5789
ライザーＦ・ボディ,Riser Frame Body,40260,9d9ae37a72819f100a07cfca23fbb7d2,5b9d460c18e2c24b2f15fbf2d1764ee5
ライザーＦ・ボディＣＶ,Riser Frame Body CV,40261,00ee1c7eb7edf6a9aacb0c08a235efa4,9423d1e8cecc20e4fbb9af8d159f30ac
ライザーＦ・ルックス,Riser Frame Form,40262,9d9ae37a72819f100a07cfca23fbb7d2,1f5ccb4b1ad76c9961c6c58ac0e64aee
ライザーＦ・ボディＧＶ,Riser Frame Body GV,40263,63cd0594174f4de2dbd2f64d8074a7db,84726271f38f4a4db5d61ac3a2f9363e
ネメジスト・ボディ,Nemethyst Body,40270,2de53b545ed779c60be78ce810fa704a,c88927016989d0d73904339e34b8cc4f
ネメジスト・ボディＣＶ,Nemethyst Body CV,40271,dd859a36d44951b6edc9574de721f81f,8fb2a25e978cb69f3c71ccb407fd7dba
ネメジスト・ルックス,Nemethyst Form,40272,2de53b545ed779c60be78ce810fa704a,fbabbf96fff3d086a5c5cd7b3d9d402d
ネメジスト・ボディＧＶ,Nemethyst Body GV,40273,875665066d925a49a6d86d2121632801,642d326202194ae320447d1e2f3c05c3
グルマイカ・ボディ,Gurmica Body,40280,46035b97bf207830ed54ad3c23d57142,6731022884e7b043e424a5cb02e9a105
グルマイカ・ボディＣＶ,Gurmica Body CV,40281,25dce48ceee87e1d4311338b94a8302f,23572714d666bcc6576cf7081815925b
グルマイカ・ルックス,Gurmica Form,40282,46035b97bf207830ed54ad3c23d57142,b878e24ce02b0c12425aae29712d8e70
グラニーダ・ボディ,Granida Body,40290,3691e47c21a9550beff5ff6546a43c27,ed7787d9fc3df7b113a18a78df5caebf
グラニーダ・ボディＣＶ,Granida Body CV,40291,f5961acc64b21e94d373aa74115cf28a,c3f0d296f563af98bb7c51b3b484fce9
グラニーダ・ルックス,Granida Form,40292,3691e47c21a9550beff5ff6546a43c27,4a4c5e769feda2eb02b9613df24aa658
グラニーダ・ボディＧＶ,Granida Body GV,40293,4b700cae4beedb4a18067087d2ad4d8f,d64b9fb1ff3d9dd186225b476524ccbd
サイハジン・ボディ,Cyhadine Body,40300,276544f5ceef4c91904f1f63421ddcdb,358307a76afd3faab5e586b543df1ad3
サイハジン・ボディＣＶ,Cyhadine Body CV,40301,2859c488cd41c4603df43c9acaf8424c,3def040cd18a51c1ce5eaa152bada752
サイハジン・ルックス,Cyhadine Form,40302,276544f5ceef4c91904f1f63421ddcdb,ef7699062f24409f1e5e4af1a13a2692
サイハジン・ボディＧＶ,Cyhadine Body GV,40303,5ccaec9b292613c4f42abaf4ebe46afc,7bb1b144671bfdfa1f64b9d919eff8e4
レクトアギル・ボディ,Rectagil Body,40310,1751acde44e665c807e899ef4361a2eb,2c3eecb3938867b8a031426affad5d90
レクトアギル・ボディＣＶ,Rectagil Body CV,40311,dbbad71ef0ac37213c9f86786d6125bb,dfc6279e27e1be0fd4311b292daac6e5
レクトアギル・ルックス,Rectagil Form,40312,1751acde44e665c807e899ef4361a2eb,937cfd06977984d7be127a88b548979a
レクトアギル・ボディＧＶ,Rectagil Body GV,40313,e5a6f5163f8e7ec4e9d7c449ed707db1,4b678145c80ca0fda063200623d38bdb
フリーヴァ・ボディ,Freeva Body,40320,239eed46e619e496c27b074badfaa7e5,6b161a7e67ddb9da0b4a946479800776
フリーヴァ・ボディＣＶ,Freeva Body CV,40321,29befd1ac25d73c66f4e21b99754ae6c,9f204341cead6703a44349c27509bfdf
フリーヴァ・ルックス,Freeva Form,40322,239eed46e619e496c27b074badfaa7e5,bdf09f5f0040bd2d1a618420b0134701
フリーヴァ・ボディＧＶ,Freeva Body GV,40323,57cafeb5f5baaa631e8b563278af299d,5419c26776522d319643a0eb92dc0a23
ギャレオス・ボディ,Galeos Body,40330,e96da3e3ee3a70e303b0a2bcacc89a2d,53eeacdafdbe76373ec450ff252708f1
ギャレオス・ボディＣＶ,Galeos Body CV,40331,7b91ffea15a705cb4308f8ad180c1838,1c15907d27471d356d2774fc157e3054
ギャレオス・ルックス,Galeos Form,40332,e96da3e3ee3a70e303b0a2bcacc89a2d,6a51573f25c454809ed5bacdbbc96138
キオウガイ・ボディ,Ancient Plate Body,40340,9f39ad6dbe27440bdba3d2ac36c1167c,0d863e4c9f8074ab510ac08ad80436c5
キオウガイ・ボディＣＶ,Ancient Plate Body CV,40341,b61d71a2a3588495cd1f7c58bd101296,c4a4e98da77ef858fcb4cc7afa4027f6
キオウガイ・ルックス,Ancient Plate Form,40342,9f39ad6dbe27440bdba3d2ac36c1167c,a8566d56392b9d2c72e065cdd2328528
キオウガイ・ボディＧＶ,Ancient Plate Body GV,40343,c7ca19b579f5ff313429973a3bc9b61a,1e555e18de94199c0aa27e23fd346254
タカガラ・ボディ,Takagara Body,40350,5b41ae7d4d5047a61e30b6c1f8f64fa1,a2bd2d98dfc1e6ae5d23232218ea43a9
コンガラ・ルックス,Kongara Form,40351,5b41ae7d4d5047a61e30b6c1f8f64fa1,78788c39d1930f4f194347c974195e95
[Unnamed 40352],,40352,25b2fb31c67579e87d528a361db9a0e4,
セイタカ・ルックス,Seitaka Form,40361,5b41ae7d4d5047a61e30b6c1f8f64fa1,42d8ae20fe8edba5841c304c2684a4e9
バンテスタ・ボディ,Vanthesta Body,40370,094b23099383e9269b1757449b987bdf,23846dff522a4ce12aa23403350c6b03
バンテスタ・ボディＣＶ,Vanthesta Body CV,40371,b1fd951f7da5020117a2d837e92bdf4e,01d8c78fe79e4fccede30b2a230ac6c5
バンテスタ・ルックス,Vanthesta Form,40372,094b23099383e9269b1757449b987bdf,4f8dd08d3f05881118501d77dc1546e5
バンテスタ・ボディＧＶ,Vanthesta Body GV,40373,9b47af5b350d51550a668fbbb1f7c41f,9836bd10c76be04dcf0a36841445a250
ヴァリエス・ボディ,Valiesse Body,40380,6e4b321ca0e175028a58fb058b02f14e,b88ce30471cb0150962ebfbea4e4ab26
ヴァリエス・ボディＣＶ,Valiesse Body CV,40381,616c645ef8b6ae561387ed6c21d26126,ff21e25445c32d0889f4f131b311598b
ヴァリエス・ルックス,Valiesse Form,40382,6e4b321ca0e175028a58fb058b02f14e,68d864965761cd125d31bd66b9bafa5f
ヴァリエス・ボディＧＶ,Valiesse Body GV,40383,8d4a47cbc7edabd94688cdd9023df3e8,8f3e3a06b992a1e62a3e4a3182dc4318
センガミ・ボディ,Untold Divinity Body,40390,fa164df77da27094f9ae00c409d94be8,035088adc8925234bbbd75d9d9c1ab76
センガミ・ボディＣＶ,Untold Divinity Body CV,40391,4f7956cce1936b3069db23ff92a68288,93d9c682395e81e32b3d2fe07e3e43de
センガミ・ルックス,Untold Divinity Form,40392,fa164df77da27094f9ae00c409d94be8,7015193ceb2f6e84eead9688c974a212
センガミ・ボディＧＶ,Untold Divinity Body GV,40393,20ba73543bc3b8e197ce7c367149a419,def8f2157612d99f4575a94135c50d5b
ラシオス・ボディ,Rassios Body,40400,caa8427062839e63c0db2b621492c937,ff771a9baf40c1ff51efe20eb9292e11
ラシオス・ボディＣＶ,Rassios Body CV,40401,8272ca6550900e5d8d0e07a7f6b3d1bb,daf732f831a12272c63035f606d3d737
ラシオス・ルックス,Rassios Form,40402,caa8427062839e63c0db2b621492c937,60fe879e3457104165c4117c0f7e65df
ラシオス・ボディＧＶ,Rassios Body GV,40403,06d66a471f32b3c3f89cc752c4859cc7,952431cf8e3be21d67c040712b9f7d80
アコーディ・ボディ,Accordie Body,40410,56863143eba9db8a8bdfff55c1d66c37,a3f1a2b55c2046ddefbee05b1d709f86
アコーディ・ボディＣＶ,Accordie Body CV,40411,91bc76c602f8937553d38d4961e3378e,23c3695bd60095736bf94f43df08b631
アコーディ・ルックス,Accordie Form,40412,56863143eba9db8a8bdfff55c1d66c37,1ab829bc00612c2b6cd1a239a629ffcb
アコーディ・ボディＧＶ,Accordie Body GV,40413,6678599531373750c6ce455898861a89,cf07fec545b211d9333f658d8cc43908
アルベリカ・ボディ,Alberica Body,40420,4f5b9e15c77dccad5411f1c67428c2ea,8648283cd966d9ebd29eb20fcb588825
アルベリカ・ボディＣＶ,Alberica Body CV,40421,8cce083a9e5a88cd9cf8eeb898c32886,fe7736fa67f6660c96a25f939e422db7
アルベリカ・ルックス,Alberica Form,40422,4f5b9e15c77dccad5411f1c67428c2ea,050d5e7b3a7ca39b6f1d161f14c804f5
ギガンテ・ボディ,Gigante Body,40430,f5e7457e5f876b570c4864d2837614bc,17154688b75d72d57dda96943870323e
ギガンテ・ボディＣＶ,Gigante Body CV,40431,8151656e6887f912b57599a4f19bacd2,2ce5430dea66d2209d929370cd78b705
ギガンテ・ルックス,Gigante Form,40432,f5e7457e5f876b570c4864d2837614bc,9eb2ae6af862c8682190be11d6016344
ギガンテ・ボディＧＶ,Gigante Body GV,40433,cd283e603611d5f996d389777ff22fb5,d8616c4693332639ba55aee75ac7f779
ヴォグルス・ボディ,Vogulus Body,40440,fbe8792a8976278b65b5a0296a71f328,33525a3349d27d97d5c2a1fecaf7f33d
ヴォグルス・ボディＣＶ,Vogulus Body CV,40441,e09b2a7a8060a4093d7f631141f8aaed,01685cefe0beba57b004e23ef0880ee0
ヴォグルス・ルックス,Vogulus Form,40442,fbe8792a8976278b65b5a0296a71f328,15997c9913a6fde4c50c2096e0156730
ガルファ・ボディ,Galpha Body,40450,b5bfd7f0dfdd9571be5eee44bea70707,c8349fbf26c9c802455063ea1b5803e8
ガルファ・ボディＣＶ,Galpha Body CV,40451,e5054da0d765c3410bc110d425f76004,aa2380e8a52a88c76be7e93285d9f577
ドラクレス・ボディ,Dracules Body,40460,d419d39c3f9e055835db0b526435cf1d,c31ad0c720294069d1cfff20a9537b04
ドラクレス・ボディＣＶ,Dracules Body CV,40461,4f1977d2fe19e7172721ee18a5c4c8e7,0576d2a2e1a47974bd6536e09069b4e3,[Hand Textures],93bf77dfd055dd1374229e3ea7d87ab0
グロード・ボディ,Glaude Body,40470,4ba16d260e527ce42ba719f742ba1868,b7e5ae974158cb29e5fc145a3bb25c8f
グロード・ボディＣＶ,Glaude Body CV,40471,bd8fa709e223263acf69cc2af7abe3f4,275314f162e9686f0b4378abd1d69a65
ディグゥ・ボディ,Dighu Body,40480,ba87ba1e24274dcf235be07fd325b0b9,a299e00331e9e9e61253c5ab7b48bf49
ディグゥ・ボディＣＶ,Dighu Body CV,40481,2217aae677f7b3b7098a7980cbb2177a,6eae02f896f1b715bad6c2af773f9845
ローロック・ボディ,Rowlock Body,40490,3087d24b0a831b0dbbfc1819fda25a7c,84032edc4a27ce7eb7b874ae46428c95
ローロック・ボディＣＶ,Rowlock Body CV,40491,54df227db7e4931f1ab6713d7e8b6c08,599c3f7c02002b5f17ca59a1533113fc,[Hand Textures],a0b35250d9c0afd31d625ddf4a8abe96
ローロック・ボディＧＶ,Rowlock Body GV,40493,7abf317022a9d470afd31f8c3506235b,fd8b7947cfb165481bb5ea38b96a622b
ゴルンレオ・ボディ,Howling Leo Body,40500,61b0a8bf504022f54b7570915f92048d,3cd647527779d289d56ac2452c6c6087
ゴルンレオ・ボディＣＶ,Howling Leo Body CV,40501,c4ded70b0b3dbd6c7aecb0c28c4e3631,22bf342a87ca0a6d39f6f1730ed4815b
ヴォーダム・ボディ,Voudam Body,40510,c54e7b649f1ebe018922bc76441e9855,0a47816eda329e38ea48c37be1c0e26a
ヴォーダム・ボディＣＶ,Voudam Body CV,40511,26c305ed5277a64cf7a82d4812da0210,8f537ad6f5b3a616ed220aba0c9fe6c4
ダルモルス・ボディ,Dalmorus Body,40520,6583b503949b1733e819f6e058a8ce3b,656ff834da861c94cfb73f112a6fd941
ダルモルス・ボディＣＶ,Dalmorus Body CV,40521,5a2cec0da9735081f6d77cb65a593ab7,63cff49d85419da681238e9cbcf888e2
,Dalmorus Body GV,40523,c28aa41714c9de12b782af58cd9d1fc8, (Not found),
スティレット・ボディ,STYLET Body,40530,340452ba6e3f8bc2be1378d33dc59be9,43b94b8ddead6c732aaddca565492ebe
シュバル・ボディ,Cheval Body,40540,82c0916db143cc9e4194f772cb462012,0e7dc486cbb05cf8e3dc263151b7cc8a
シュバル・ボディＣＶ,Cheval Body CV,40541,63d2ebb263fc129b843e361be8397d4f,744c74d47176df429cc9a51dd50a3c59
,Cheval Body GV,40543,51092b53c939204fd97be841eca8a0eb, (Not found),
トレイオン・ボディ,Treyon Body,40560,d13372d778f14bebd9b2eaa88f2df9d2,33f7aa0dcfd24c73c601ffcec832f2fd
トレイオン・ボディＣＶ,Treyon Body CV,40561,4050db4a443d1b4cad51b3f118d327f3,e04c451d07d9709a86d02be1bd41422f
,Treyon Body GV,40563,cdfc620469f60d98d2e9d2d26129b1e6, (Not found),
ハイロウ・ボディ,Hylow Body,40570,f33b45b627e1d7d32b03e058bd722c6b,0bed6610c8fb595984575b2f1ea6211c
ハイロウ・ボディＣＶ,Hylow Body CV,40571,3d1cc5e527d69258e5e814a13800a429,0610cc27b1e4da5be5e12990a799a69c
ハヴィック・ボディ,Havoc Body,40590,3c6c065db1aeb1767b1ca39aee7fa3a5,22879254ffec720a73a474d4e55e3628
ハヴィック・ボディＣＶ,Havoc Body CV,40591,43aaae7c07f6b0c4f177cc3243860b0c,91026c7dcbf04141fdf469c0203fc01a
,Havoc Body GV,40593,3bc3663a8f792b54bd9ad2924907f249, (Not found),
アグリ・ボディ,Agri Body,40600,5fe4de529df727b10cf16a974c13a961,7afa3a52c46937083437dccbb3a17ddd
,Agri Body CV,40601,9d13568b12dae2cdc712f44ad70d8501, (Not found),
,Agri Body GV,40603,c3aecf29a14c2d6bd40f6595087cb4e6, (Not found),
メイガス・ボディ,Magus Body,40610,43e79a4be2dc376193548db38c15e368,35331bcfc9c6c5298ed636e2ad2a7274
メイガス・ボディＣＶ,Magus Body CV,40611,a30b943b7d5364eeb909c4fef5aaf631,b153ca02346fe2ec12dadfd4f060b777
,Magus Body GV,40613,0ecf8d413be6dcce4a1b2ef3998b3265, (Not found),
ハーゼン・ボディ,Harzen Body,40620,af8c3a1c5c924db22e55954037f2d0a8,49d913fadbd54a4031b5927b196bc5a2
ハーゼン・ボディＣＶ,Harzen Body CV,40621,a915b93fe3971d166f51d7c9049ee052,2d7428dfb272da141c425a848ca11db2
クリスト・ボディ,Kryst Body,40630,a371e1807ecd908995d6066aab24c308,035be2f7bcff85436480defa593ac7ce
クリスト・ボディＣＶ,Kryst Body CV,40631,115cffa4607cb4768298ad5c37324e68,323209081e7d8d481bb13e22a3de190f
輝星・空式・ボディ,KISEI Type-KU Body,40640,40b67d9e887302a08a91a5f2588e0462,e3241296b0edc0d85b7400bb3dca3150
ティタンガム・ボディ,Titangum Body,40650,b331664d2c5494b55e32ebbcd71c76ce,c7c75bb30c5ff968cd4b7669f49e46de
ティタンガム・ボディＣＶ,Titangum Body CV,40651,00879854f56767e838e2809dbe3ac779,057efc4bf95dc8161dda9eb7a6120af9
,Titangum Body GV,40653,4470570c69731352c6064d6eda1f6f7f, (Not found),
轟雷・ボディ,GOU-RAI Body,40660,a3c3a81d9a08134860ecfa38ca6934b2,35b6be6dfd260cad67438729b5fab50f
バーゼラルド・ボディ,BASELARD Body,40670,8e3946343b42e8c339f82fa8aaa3fe13,8f9b142fde29ec43d92ad816ab2743a6
[Unnamed 40689],,40689,f5b62d89287301dc410b5e3e3e358640,
ゼルフィカール・ボディ,ZELFIKAR Body,40690,b158188ce2bcaaa44d891937cec94e4c,ffae9dd6fa7268824d72f5dc639ddb02
デモードス・ボディ,Demodus Body,40700,4569c6f44d9485f69b9a865283131f2f,cddb20e3ccd0a428ebc57c1f38df65af
デモードス・ボディＣＶ,Demodus Body CV,40701,51a288cbdc10e8c87f29ab17fe323e8e,d929d197718c025645d4e8bc9a12c6cb
ＰＳＺオギ・ボディ,PSZ Ogi Body,40710,2c7c99993b6025a177f957105f5d5914,5109652c28378ea3b01b2787960db03f
クリミナル・ボディ,Criminal Body,40720,47bb9bfd8be3b89d572ec521294bffa5,7efc3076d8fe2604db9a0995c52d9b67
クリミナル・ボディＣＶ,Criminal Body CV,40721,820e82525524119a7099b3c540fbe6f6,de115e51edeaa5b24abf48fbd9527bf6
クリミナル・ボディＧＶ,Criminal Body GV,40723,e128480de4eaf9ac4f22bab4ea3720c2,ec3b84f65508f90116a7e215785c5f81
不知火・ボディ,Shiranui Body,40730,1752e94f9c7ca8c4f4d6b29e48f35a1f, (Not found),569300d1522a7e937f0102f58cd0d382
武御雷・ボディ,Takemikazuchi Body,40740,2a0f7ee3db88a871047844861f8d97e4, (Not found),824c929c14615082388ed5decd26dec2
ライナー・ボディ,Liner Body,40750,1e5c3f5b311b4959b3f507b416afaea4,e5810b96e822c6b5c727a6560b8eb5c2
ライナー・ボディＣＶ,Liner Body CV,40751,807428e4f494cc68e5e61fb69522c1d9,8d940f60138295120bc871864a388640
エグザギア・ボディ,Exagia Body,40760,c4c6008608aa9e14ef261668a15516d8,b8e55cbe29f22612872c3c5b3602cc2f
エグザギア・ボディＣＶ,Exagia Body CV,40761,032f0c18b96abbdb6def12899979c590,33975ee3ef5e2ccc34230d8e4ce817ca
マグナレギア・ボディ,Magna Regia Body,40770,46890e61faedfab48fe2595af324b3b0,4274ddf17784317a4adf0097a7d3afa8
ヴァローナ・ボディ,Varona Body,40780,407bda157c7ee65efed3f1ba2c0ee998,34fbeddaf681ac193ba9bc77a694628f
ビオール・ボディ,Bior Body,40790,de570da6ceaa75c6cc318a117890017d,d5e306db9119491368fad725375ed78e
[Unnamed 41000],,41000,ad5cd66f74ab8abc7d13a1651e72ca91,
