なし,None,0,bf8ada9903e0bb0861b4a9b0dde9b15a,74357636f965799bd256587088620dce
[Unnamed 10],,10,37ffda9ae917c6810da220f4ac5d78b5,c7736ac53ac5c4c945f7c0eec4acfb3a, (Not found)
フェイスガード 白,FacePaint 1,20,59fdf2e1d926f2e72b5f49c313e69af9,512edba761a106ad41325b7179d8f499
フェイスガード 灰,FacePaint 2,21,cb39353261a4dc31124e1418a3c6baec,a36339803d6dc2dbc3675efa212420a7
フェイスガード 黒,FacePaint 3,22,61651a801e663c674e95faf0394f5144,ddfa34874a0e41d204781ccdbd340adb
鼻ばんそうこう,FacePaint 4,30,17fc4abe479b6df338d94a4c09f26f3e,0dad52c29ba06c420bd3f337f9d4e7c9
タトゥー,FacePaint 5,40,a42ea9231043c80d387b31649bed2fcb,28e6db0fa07646f38a0deb7646f389b1
ヒゲ1,FacePaint 6,50,bd7b9d8bf3d8e6d0872409746b91383d,45758c3e5758a3b8ed7423d6c5d201d4
ヒゲ2,FacePaint 7,60,b45f4032d5e868aaccaa5a8ad47224bc,c780853582b3e2e83271c2bb46a6877a
隈取,FacePaint 8,70,b5f5d3765c8f6cd747f24866a8e8995a,a011dcfb8553ba5b2d3308d2fe432277
カモフラージュペイント,FacePaint 9,80,0dd6491d22c25c847536d30787f08966,4b9355c2a77643aff05fc889d2232bb2
ドクロペイント,FacePaint 10,81,8b90a8c46cb83d6a8ca8a01cf9b671d2,862ae30fd5cff2bc2a34795bd9558eb5
無精ひげ,FacePaint 11,82,c4752bbd7bf5d177e2c5a3b77d641e9f,7a76e5aad0b312000845ef60ddd06b5c
プリティーフラワー,FacePaint 12,90,fe9ebf6127a09fb47b6ddae2b9697940,5ea4a9b5231e26fe79791266f4a303e6
傷跡1,FacePaint 13,100,8bf9b56896790905f88a1c5b5c6c5da0,c1831b3f006cb55888a7057bb9e38384
傷跡2,FacePaint 14,101,111b2b401e51111075a92eb0b9359326,4f6d1017907dd195c27a299a35770e8d
傷跡3,FacePaint 15,102,f8812e51e31c8985bd2c9dd097c1e092,dfcc8b667fdfe3f42df83159be9000a9
傷跡4,FacePaint 16,103,0e7b42b4f73122db7155b28a3819b5f6,272db4425fd570fa3a55f067192f9d38
傷跡5,FacePaint 17,104,acb6f4a95d407cd18406d3a8765385e6,24d08fda1f3ecb2906c2bc787430d96f
傷跡6,FacePaint 18,105,be027c4a38fbfbba717699b743056ba7,b62777ece6b617269820a96f1e18f81b
ファントムＱ・メイク,Phantom Q Makeup,110,7adf90735d8242c5674fe265149d75b9,29fceca97c8928c71ab085ebc7349a65
白化粧,White Makeup,120,6d199a15549ce7260050aaaf8a2a1920,7aeb6b0a2cfd5f4104d203529980dc0d
[Unnamed 130],,130,f36e67fb9bedc3ebb31140fa3250d730, (Not found),08e4438f8cea7f318dcd4d3736f81ac3, (Not found)
[Unnamed 131],,131,0dab354c2c8a80372766269e3475cbc9,001cd8e7e7d768d90d1601b1fe2a9b23, (Not found)
[Unnamed 132],,132,7f3d0317562c99c02398e1795f35d7ab,20b559bc3efb7f0786e4ec2261be9020, (Not found)
ルーサー・タトゥー,Luther Tattoo,133,61d2d895654d0cf94456fb530a161bbc,a7a2caf316479dec1e1643261f9a2c56
【敗者】タトゥー,Luther the Fallen Tattoo,134,192e436175738ddca84744d5572c6b59,eb8cab2835509d3439187c3e71403c00
頬紅,Anime Blush,140,0294e340f51a3319177c492241c9c840,649af0debc9458234304435d369040ab
頬染め,Manga Blush,150,82306272addca5ea938a9edb2f29be95,a88926b569de1e457db7f2be08de7a9f
ぐるぐるほっぺ,Spiral Cheek Makeup,160,59c985f3483a2b041d99f42737a9e2a2,1457c0ce028c7ae88d1450c408ce305a
猫ひげペイント黒,Cat Whiskers Paint: Black,170,e12b0cb55763baf5c1f595b908aad7c0,d3e43eac9d85d809ffb468d183027db0
猫ひげペイント赤,Cat Whiskers Paint: Red,171,1fe481680c02e67dbc296a2e91e8f7ed,0b6080f1323127d7a8a5ed292fa9cdb2
艶ぼくろＡ,Chin Beauty Mark A,190,972f049b42d59cf8975665c09fb4618d,015f3e783c43320c99f7e2fbad9b6f84
艶ぼくろＢ,Chin Beauty Mark B,191,9a8d6fa12cbf09e8e514fd20b32be639,ea56c32f06698b5ac3e9dd426894075e
泣きぼくろＡ,Undereye Beauty Mark A,200,3b33e0164219cbd5f6dd898e33c6cb43,e57119b7dc1179a5b72864b97ecb8390
泣きぼくろＢ,Undereye Beauty Mark B,201,12305ad30f60ecd3d13b958b79a428be,e71897027f39270b71fd5d257d55d29b
スペルサインＡ　青,Spell Sign A: Blue,210,47fdf3e4095b44d20900cc67f8da421d,ef7c47492a438cdd4115dbb014445f93
スペルサインＡ　紫,Spell Sign A: Purple,211,d6494b91515d577eb3a98378b5bd6ce5,cad904b00472a6b000344b919175f20c
スペルサインＡ　赤,Spell Sign A: Red,212,89c73068c955f6ea47a80d2610d68cbd,4a8d5fb4b2f3c312a2808b1a95e878e6
スペルサインＢ　青,Spell Sign B: Blue,220,b0506c5d75f24e3c25efe4cac499e650,f7f7bc3e12854de9b10399528ef49aa3
スペルサインＢ　紫,Spell Sign B: Purple,221,f99df18f734fdbeaf980031af3bb7ef8,344f0f98de74c04b51b2aebba6d49c09
スペルサインＢ　赤,Spell Sign B: Red,222,36ef1f26472288b9dcc1d8cabbed5c64,112390480d9c5011575b39eb61818e21
エレメンタルスター青,Elemental Star: Blue,230,a4214da8775607bbfeb211c62d5f9c26,325c9532c75a5e2874ea1401eed5c4ca
エレメンタルスター紫,Elemental Star: Purple,231,7bcbb2e085da16a674426a40b2418922,01d64108d130d59d7719477bfa2dcae7
エレメンタルスター赤,Elemental Star: Red,232,e27b46e21bace96133e73d706540c71b,15be87a3f8fffc8837444b244334ae86
ブレイズメイク青,Blaze Makeup: Blue,240,f06691ce6ff67c0cd22e7e6b28b7bae0,275252382becc63be16e203da6bb285c
ブレイズメイク紫,Blaze Makeup: Purple,241,5e41b93be4c43419a9985611af132548,e219d03b7d7e6bfe13dd36dd69aa0c51
ブレイズメイク赤,Blaze Makeup: Red,242,3c59c48aaf5a64378356bce943ae669d,c2825ea90299f854aa013d11ebb9aae9
バル・ロドスメイク,Bar Lodos Makeup,250,4c1471239416e9774d73224b607f49ee,6884ce1745a3382b7d1c4e940e795a00
バル・ロドスメイク　青,Bar Lodos Makeup: Blue,251,c72acec99bc82125251b169ee1f78d74,c30bfdb2c284ebe0d9b5bd69e7d114ed
ハロウィンメイク,Halloween Makeup,260,1b2d952ad6dbcc74bf5750ec819d8e94,b8f4a3c4e14b610e03fefda173f22bd7
ブラックハロウィンメイク,Black Halloween Makeup,261,c85ba6cb38ba9b7f26a2d629dd5b2ed6,ba75fe354b7bd41a2235945319cc1d21
ゴシックピエロ,Gothic Clown,270,354139be5b51d289fde3be4c9b046365,89d1b6ee46a086bf0cbc1ab676275626
ネイティヴメイクＡ　赤,Face Stripes A: Red,280,28b3c07f8ad73d6c2862683dab8fff76,995082ddbc2e981c6a3d81b2746ec2ba
ネイティヴメイクＡ　赤白,Face Stripes A: Red-White,281,f92f9030c51f7d04868a94cf108b7ad5,f596094f9ac44bce85656b264126bfd4
ネイティヴメイクＢ　赤,Face Stripes B: Red,290,fc79d353f206d09770e132f35e357d0d,d6c4f5be4f1754edf7e5c0dc2abe5715
ネイティヴメイクＢ　白,Face Stripes B: White,291,5f670f3a8ab5ae039a1a019953b9ea47,01fb6c54c975eca28f382a0a45293702
チークファイア　赤,Cheek Flame: Red,300,46052a33d6d31977d8a9ce403c2e687a,f2d3284900a338f84d45590b9aabb806
[Unnamed 301],,301,09bf0298e78c75b896cce4e27551699d, (Not found),a702e486bfab6830651d5c67918eab3d, (Not found)
チークファイア　紫,Cheek Flame: Purple,302,aef451a882480079bd90e6e7412955c9,184e14b16485296b54c1b54acfa05393
パンダメイク,Panda Makeup,310,20024398097762d79ad5f40408b94fe9,84948e4edeadd98e5e2ec4c9cedbe43f
目のクマ,Dark Undereye Circles,320,3b9be42b697376332c184d08e814bf3c,c6a555eb6bacd342e0d4d97f38925c53
○ペイント,O Paint,330,a130227667d7a1c98987d507ef4835a1,8402b4c4a2e8a904463a65b930f68fa5
×ペイント,X Paint,340,bdff8d48587cd2116dc8659c051ce68b,b4fd5c6ff10c6cd21e378304272b2708
干支ペイント　午,Zodiac Paint: Horse,350,9647b59721f6a27fd7eb96c974735a9f,b8357eba0d06c9d22274af22ee9003e0
くまどりＡ,Kumadori A,360,d9058f0b202821766a3469afce922ca1,acec4eb6b06cd213f7fec24608318104
くまどりＢ,Kumadori B,370,168c981cc655ae4310b491cdeb787f0d,a207a017742290af7407bc37173bf840
目尻紅　大,Red EyeShadow: Large,380,f1bab67ef84275e1735b93b670a07bb2,bcf0bf1ae7c482ad49d319dba7bf8d95
目尻紅　小,Red EyeShadow: Small,390,f4a99e3bbc53f3e58917561ecf599654,fdeca2ab903e8426a9059274b40d6adc
照れ赤面,Shy Blush,400,2ba189c1084b7eceb9a847f041195ce2,62e63d37254226722b721db783b4b029
顔面蒼白,Pallid Face,410,81668a40bb6f996480ad09c4f2a9ab9e,6a3a69303f21e6e5a0e48c7872b8e175
血のりメイクＡ,Bloody Makeup A,420,139418efbc4d3262f07cfd1739442239,dfc58816a90e7e4813f4bf4f42255aba
血のりメイクＢ,Bloody Makeup B,430,6cce818946cb8639b1d1f2c22854fcb3,3f812fad009a987acf6bdf4898a42c52
血のりメイクＣ,Bloody Makeup C,440,ede88720bfbcc03051774129b22f4e57,3fdf7d5e77a48113c0cf7ced30455752
チークハート　赤,Cheek Heart: Red,450,384931aeef118cd64c03920b3360e1fb,97e916f9163fff844501a55fccc383b1
チークハート　ピンク,Cheek Heart: Pink,451,c68eed4482d9cbc12ba6e9b23fb93cc0,584812763266961f44d3d623a901a300
チークダイヤ　赤,Cheek Diamond: Red,460,0b68435df2e7f14c2095894fded37df8,a210f41d40cf209b50840dc4350378a0
チークダイヤ　ピンク,Cheek Diamond: Pink,461,62fbd67feb86c473c9c61bde56d8a3f9,a19944c1b8b1e48ec0ac30a4c34f17ef
チークスペード　黒,Cheek Spade: Black,470,910c833151bb410f4371218668d82021,a0691570ebd1e75978c1f01cd3aba6ed
チークスペード　青,Cheek Spade: Blue,471,5e58868f6f3b3d1786a31d39bbe3c273,bcf66ccb84a666996eec898318797983
チーククラブ　黒,Cheek Club: Black,480,5c76d976c742647e32080fc11b46c7b7,f073a7fa29d5d97cdd94b7f61d44cdaf
チーククラブ　青,Cheek Club: Blue,481,f8df67f37f9a76146fb34d334d37e52b,b6c69df05e49bedcf368c8fe84d97e0e
血管メイク,Veins Makeup,490,c71408345304248ef78e0cc6c06050da,d017e169e1ab255566da376dd50f88ce
亡者メイク　青,Corpse Makeup: Blue,500,bc32060ce5df86887b6a7bb7932cc923,2c5458a7e7cc46f5e11c39fe2edc53cc
亡者メイク　緑,Corpse Makeup: Green,501,c94fe5d540f3a2d6f9943df3a9181d82,3279ebfec02e51b6018c9bba331cb151
カラフルスター,Colorful Star,510,337fed7d0c30e0623608afd6cf6caf16,340d1b1a540afc23d95ae9534367c0b5
キスマーク　赤,Kiss Mark: Red,520,0c6b594df4e50c47db42305276d75c84,0cd61a5c796bc4fa005b50547d259b8e
キスマーク　黒,Kiss Mark: Black,521,4d64fb8ac270d80693c43e3567d61777,9c8096e28ebb481f8b917809f61538df
火傷跡,Burn Marks,530,25a9f2075611b88aabd428c9497b4ed8,53e7a5f1f78814e57e6d0950feb8ce43
微照れ,Faint Blush,540,6bf8345a781cd393110cbb981514d7e0,d387e4f5932212d99ae8e4f0957db82e
真島吾朗ヒゲ,Goro Majima Beard,550,a611218ad021a0b5f5dba42130ecd110,eb14cd964ad0c7a44952eb206ace5560
パープルローズメイク,Rose Makeup: Purple,560,b71ebe1b700a8eff323ac3f770d809dd,2ec5612f160d5abe6d166b48629a3e87
レッドローズメイク,Rose Makeup: Red,561,e4add2a503bb9420a9d70db8b790dca2,8ae0716679e94a3fea67ee4a6678ccd7
フォース・アイ,Fourth Eye,570,c79ceea60f31f92e574ad2b2ad82ec34,24d310a2d63bb1f40e51d2ac00d4c15c
継ぎ接ぎメイク,Stitch Makeup,580,57a56f986671e4c96f17dc284605d2ed,2d8890386dcc8d80e798feb900eec912
コウモリメイク,Bat Makeup,590,1c277b55da4ec2deefafa34252b96a3d,f5ca25d6a1fdae5e1ed1957c3c8d9bdf
ルウフェイス,Lou Face,600,dbba1681290b9e1deb0d5a40ab1b1ce7,82335e156b969ee35a317dd7d8f7ca37
リーフカモフラージュ,Leafy Camouflage,610,f3f199f8fc8742512fb1c1715efc8faa,5cd544fe74f630eb2f61aa15251c3839
デザートカモフラージュ,Desert Camouflage,611,bfab48f51f9e15178400cf237f238ad0,d0593aade588939e0514d97ce7d8200d
マガシフェイス,Magashi Face,620,c6000dfcc661c936d06e554f19487742,639c3934c83f770645d7865d32ec9975
赤鼻,Red Nose,630,f63aeb0dee0a3c7946f6543fdee64908,ad9f82082cdf92742b121cc51a76e39c
擦り傷,Scrape Marks,640,829e4d17280a3862ebc344b4be456312,af87d2e24c2517d1b4ac9dfa12b67ba7
ビンタ跡,Slap Marks,650,e89f6d9d9f5d92383bacee4a9cac45ba,acc394eff81309fe15e12e8600a47cbd
ラインメイク,Line Makeup,660,e3dbbaee7655ffa0af4e2101e48c540f,f57bc55f6e40daa792f5ab9094e06cd1
サヤヒメフェイス　赤,Luminous Princess Face: Red,670,64b15af3da30709603cb24981e9a2b44,27a0d8419da2bb9efb4fb5246d2e8386
サヤヒメフェイス　青,Luminous Princess Face: Blue,671,78016bd77ddc84fa1c05cfea5d4004c1,6a7e8a791d859df3273e08bff2ea6355
スクナヒメメイク,Sukunahime Makeup,680,bf52822c6a9c21bd9f5f9b20dfa9557a,56d5d997268b71ad72d0cafec09429e9
きゅうりパック,Cucumber Face Mask,690,5966de4761851fc8f34e1a6d6ca8a38b,00fb43fb489ff233bd76de814d1508e4
レッドラム・フェイス,Redrum Face,700,8b0f9eaf0084d5774af257b8d312c266, (Not found),47ae738244a1cf73801f9369158673c7, (Not found)
のぼせ顔,Flushed Face,710,c735e14ea995fe3f6e4ed3d1a84aab81,1900c8a197b781f6e76d4113078024ce
血のりメイクＤ,Bloody Makeup D,720,fdfea8e534c72f87bdd8e2d7d607cd53,5635ba2bf9ab91d1d5c481949f91fe31
血のりメイクＥ,Bloody Makeup E,730,34738968f5e1af39cc7a7170e51b6d0c,59dba5a7257b700b5fb7439d78570428
アニメ風ソバカス,Anime Freckles,740,6391b81eac56765219ce32bfb0f1c360,6097d046cee4c468dce565ee1b30771d
わんぱくほっぺ,Sassy Cheek Makeup,750,0e8f84a9660e2377fa66d4b37e75fa09,a8a1836decf5db657001fd5f28699c4d
ラクカノベニ,Rakuka Makeup,760,e506a38849035eaf15dac99fb9b0abe9,fb902167406217569b2a0389dba820c5
オガルメイク,Ogal Makeup,770,54051bd8f7cb7b25d89cd6dc0795f957,0e427fc14ac7ec256baf08499a4b1017
おこめ粒メイク,Rice Makeup,780,3218ed5d20ceb17a016fdcbe0312a4d9,ea992e540ea7fe24bf853d74e1db14b3
スパイクペイント,Spike Paint,790,b5758d1260d360aaf95255855036f786,3c0bc078673afb697ea960139ee27fe5
目尻メイク　緑,Cat-Eye Flick: Green,800,590ad965446281a1235be49ecda107f9,f128839562c0c94cf308eaf014d07550
縫い傷Ａ,Stitch Marks A,810,4f0d5119bb9ce6ddb379a64bd5060025,1eb343f42220ce931b49e01249363e06
縫い傷Ｂ,Stitch Marks B,820,074f8c8060a1a79cd30b49cccdbf40c5,a66d623fafcc2a22cc02de8b1d89c01b
オシャレ隈取,Stylish Kumadori,830,bbb18d00b548543cb1b889975edf0147,b9c00506580da2d00999fd25bbbc9e3e
ハーフドクロペイント,Half-Skull Paint,840,2a3c1472b4f501c6496d6aac87e7e3ea,3115345710c5f0ae0df2f1686cba0aad
単色メイク　白,Monochrome Makeup: White,850,6e24bfb3da34f1267e383568571125eb,e9a3c672688ed2b6618824e89c7ea05c
単色メイク　赤,Monochrome Makeup: Red,851,48fcdcb5ef97c21ef7f98b32d98496a6,24308616253e607ad9f22eadeca36f96
単色メイク　青,Monochrome Makeup: Blue,852,a7d49854990db7cadf8b498e7846615c,8b9460008b4f6d5027e6807f6912d480
単色メイク　緑,Monochrome Makeup: Green,853,02f013f7fc2927ae0e400638c81308d6,9c642cbd5d0bde0b3629d4d9937bbe2f
単色メイク　黒,Monochrome Makeup: Black,854,30a5a60654c8206e6991e4cb36448d5d,0ca1fea603d3ca460dffdc2295f6a8fb
単色メイク　メタル,Monochrome Makeup: Metallic,855,7916aa11f480f387d58ed5534e8848db,9b219c8d35959a029f1e402308b7ee6a
三本傷,Triple Scars,860,8314358b704bb1cf985855fc167af29c,f6183c41403ba4890a2ca87a36397edf
キリアペイント,Killia Paint,870,b6c6c78bb1c5a02d3400eecabd9577c9, (Not found),788d8d0a2e3a7d54aafe5b9f43d28199, (Not found)
フォニュエールペイント,Fonewearl Paint,880,c2d7fa65f03b2f3932783bd3b3711dfc,98fe8666b93897e2f64295b76c8ec27c
[Unnamed 890],,890,c0bf0082b9c482b92477ff3430caf0f3, (Not found),2fefea73a7d59166b5ec150dc540d79a, (Not found)
[Unnamed 900],,900,6fd1410649836e444420ede50503013f,e21f86c80fa8e10735a38608523fb4ac, (Not found)
[Unnamed 910],,910,4d7bf2ed919b0c7f26f0f3f91b8b2f36,9fab665e2be6efe69c6810f09f5bdc0a, (Not found)
ミッドチークライン,Midcheek Lines,920,a8eb878a2c44a3c6dc768768c3b8e714,e4d50cf02021c1c134b8b953449a6588
[Unnamed 930],,930,4b89c59beb009bfb4b45c13f9533582f,6113d0c2f9c5569901fe48d6c6a87b62, (Not found)
カブキケショウ,Kabuki Makeup,940,f37de16540e7a9675ad7a06b1bff1719,abe62e0463b06e923e4232241ca9e632
ミコッテＭ・フェイス,Miqo'te M Face,950,8828d0af88d0a88f55630cce35239fbd, (Not found),5b4f354f73b5d84e4783eb82de6df953, (Not found)
バタフライメイク,Butterfly Makeup,960,2a6b5c6581be2a0852d58ba05f65342b,70afd3a81f5c52ebb7da0f9f5f9d3002
チーク,Rouge,970,8762dc564e90426ebfbe5cb9aa11aa36,b06366a18d39fd6b48947f57846fc1e6
ヒューイメイク,Huey Makeup,980,ec2a4e6ad8d097e3b84c0820097c1839,29f700c517d1f71121e924ec46045081
[Unnamed 989],,989,a4d78141cd12efc37b7496473ec7afb2,0ce0c8a863990697421a4272a957d384, (Not found)
フォリーペイント,Folly Paint,990,5e851b23eecbc989504fea32f28fb87b,8a09acd1f103025666b04c98b9370c01
ホラーピエロメイク,Horror Clown Makeup,1000,37f5db7560798744947d7d684cb20f23,413e7d12b3fa267e90479c1fdd61d4bc
ハウザーフェイス,Howzer Face,1010,015839dfb583e056b0d37ee86103bd68,65de7885299438b567a5d582be0eec6e
目のクマＢ,Dark Undereye Circles B,1020,cf4e5c752aa5728397afe321042311e9,439abaea10a7cedff378211e4f34aa64
血のりメイクＦ,Bloody Makeup F,1030,0018fa7914156f1c6c30e6878b6a4de1,cda728439ceb41abc97763001b0c0aba
頬紅Ｂ,Anime Blush B,1040,640256b91c32c893ecef265204697f58,3f2fbea9f39299440504697e55c936fc
肉球ペイント,Paw Print Paint,1050,afbfd118e2edbcee5fadfa9841a474e0,54cacfc03dda24cfc0753c499e7ce5af
ハートメイク　桃,Heart Makeup: Pink,1060,8ff6fa4fa327dc97d2227ab029d32aef,46fcd4ce8ac9b1694f2068f7e78e8954
ハートメイク　水,Heart Makeup: Blue,1061,e8fa2bdc01adf303282c5867ad446e10,24f75bf1f3851eee0a52e1aef5109ea7
[Unnamed 1070],,1070,e6c919743d91eafbba3db6cdb6504641,bb487f761e1222d3f6259e11d4aa7990, (Not found)
丸ヒゲ,Circle Beard,1080,28506c3e5d1a3510d1135026752a04d2,5458cc4718e93ef08cf2f1c9e1880b01
ラッピーメイク,Rappy Makeup,1090,fa7b50894593dedaaa5331a08d396d1d,42781fd53b59c20cc1cfd613c2fb6dee
無精ひげＢ,Stubble Beard B,1100,1d68c1e7461832fa494cee5de8010963,b2b7f4b5b8073424e86ded2dc854df40
ブルーノのヒゲ,Bruno Goatee,1110,39d3df6f7f109f9afff6f6c33bd1f3d0,0502ae667dfea1370023310c269e8546
[Unnamed 1119],,1119,a43feee67abbff34bb61ddd22b7b49ba,2e627fdeb9e61ad8f9729c3ab3f3d262, (Not found)
イラスト風メイク,Illustration Makeup,1120,2b83c3295544ee36ca2f4671c8be3190,b8049562b9e3504b23543da0bafa5d7e
[Unnamed 1129],,1129,22c5f296512a077d8b8982294217d4bf,ed0a908d468d3dfc293478907548499f, (Not found)
縫い傷Ｃ,Stitch Marks C,1130,8a92e1969215349a5a075c3928c78730,c0135bb710725fff4dbe8f0d6f80395b
アニマルペイント,Animal Paint,1140,82df2218f996abe027560b8f0e2cf3b3,b754fb3315fae55b3ecb18d352949f1d
おしゃれヒゲ,Stylish Mustache,1150,c2a7ee3fa6aeded10303a9df4561f336,ee3ce78adab95fee101e942a27bb2a8a
傾花メイク,Keika Makeup,1160,cf15ba377e83b72f98992b2f714588a9,21b1377e903a4af35fc34f872aca8ad6
薄チーク,Light Rouge,1170,389cc0779f90b1b1625a9eab6ee1aecf,5fb194972f6e79d51ee4a15094c61723
グロスリップ　薄桃,Lip Gloss: Light Pink,1180,69f44ba5569c4dda42920619a6be80a8,de79e0e844eb19497dd9f22da3fe25b5
グロスリップ　桃,Lip Gloss: Pink,1181,4c07878114f8772db7ac2dcdecd35215,4a4f7234dccd2e0da1450b52afd7515a
グロスリップ　朱,Lip Gloss: Red,1182,662847b8050a0b0eb339150cbf6406b2,eecb1d6b1b58b1fa9f4be9235fcf8a22
グロスリップ　橙,Lip Gloss: Orange,1183,3226fa925dc7d2619b499707708ab0fb,ad84cbc1a9e1baf07093a36c51962eb5
強面シワ,Angry Wrinkled Brow,1190,26dbc8cd0a9bdb67fad10786625b09ef,6f91a1203e335ff708f88fcf04851a1a
りらメイク,Lila Makeup,1200,fc449f2afcea84567448ff6684b2aa03,25bd9f215b7e610eba71cdc88d4c6029
[Unnamed 1209],,1209,bfe1e342c31e541c4cc6de6e5776e14d,c660352c161ab8cbc175dddf1b10a49c, (Not found)
下アイシャドウ赤,Lower EyeShadow: Red,1210,0197b43dd401229321ef0c52530d4866,4b0646bc87956bb7789b91838d41039b
下アイシャドウ紫,Lower EyeShadow: Purple,1211,90a23bca3629bb63fb85c36d344e4fd0,3f917276f877b3d7982f90970ccf7373
下アイシャドウ青,Lower EyeShadow: Blue,1212,4b6d281e372c7529601132c2cff30808,7da89d0411111cada908ce1dceeb55e9
冷や汗,Cold Sweat,1220,7b8446c9070e1502bc4e628dae00c781,e1d604d1ca5ef123b9b227fd1d500142
クロームメイク,Chrome Makeup,1230,db9b05c12280596e58788c9cf2ee79c3,0fa498b7193d2741bc39c6ad093ae70c
グロスリップＢ　薄桃,Lip Gloss B: Light Pink,1240,253878cae3d34c2ac8141dded0bfb242,ee922d6406f77e5a532dc1cfd2fa04ec
グロスリップＢ　桃,Lip Gloss B: Pink,1241,0d49e486614dfea6accbbbcb1238d340,f3768ee3edd2fb772c9409b74f481764
グロスリップＢ　朱,Lip Gloss B: Red,1242,322a88b80cf04aaec01f1263cd18beec,94e8b0353c138d762f637be1414a73e3
グロスリップＢ　橙,Lip Gloss B: Orange,1243,00d485cacfcc17a82299c11837b89828,71f27967c34aa8ed84e98dbd0e71b38b
ブレイズメイク黒,Blaze Makeup: Black,1250,9d321a7d3b942cf205eae720bdda32ad,6891dfa6f4b184ad4d6f96d749c65166
グロスリップＣ　薄桃,Lip Gloss C: Light Pink,1260,a1745b9d41f3482b207223c85593b171,5f786936682e440ff46112ed96687647
グロスリップＣ　桃,Lip Gloss C: Pink,1261,f0a857f68ed635606aa1770b689e8ea8,6750445bbea90a8c038f6f4167ce784a
グロスリップＣ　朱,Lip Gloss C: Red,1262,156a3608b232bbcf474df83cce90c2dc,286f784b03898fab5db75ebfdfbe3712
グロスリップＣ　橙,Lip Gloss C: Orange,1263,9858cb495298718a063d358bd52fdfb2,94c459f2273e09999843aef0dc6dd94b
ハリエットメイク,Hariette Makeup,1270,51124443f109d15e8edeb36b78d3edb3,9954dca7fa12e2ef6f2cc4aa7c7d3109
[Unnamed 1279],,1279,c4aff687e9226e0261813e2a3988748b, (Not found),25ed3560ff5a5a9f611b01a74fa05032, (Not found)
ゲッテムハルト・タトゥー,Gettemhult Tattoo,1280,53c7df3262a9d46948e197d5238887b4,aec965fa60ea451d535d9dc384933527
[Unnamed 1289],,1289,753628439e694c75d63d309a7bc20e6b,2cd6a0d943469d1ccaeb72f9e2a95bc2, (Not found)
[Unnamed 1299],,1299,5b1602e3f4ae33bee19fd65808451f07,fa95a35cf0f00d6f391b62b58fb104f3, (Not found)
エルミルメイク,Elmir Makeup,1300,c721889e50f213df7a290ca16ffcdc33,cc3df48dfa19feb795da73f9eb2bb8f8
[Unnamed 1309],,1309,ff2e2356dd3c5dee067ad88511c69cc9,47d845abb997a02d66f7117745b1a1b5, (Not found)
ロードの傷痕,Lord Scar,1310,31b6b59de8d18600546f8247c6b1eb51,fd41eae0527dec8249e89e8f0a1d9c3f
ヤミガラスペイント,Yamigarasu Paint,1320,61330a60739c6e99e245c8d13b67dca9,d89720338ab016b1b26d419355ad44aa
[Unnamed 1329],,1329,32b53615fc0924645c78dea5f8be67c1,01864c712c93728986474b9c9c040661, (Not found)
ハーミディオメイク,Hermedio Makeup,1330,9091f453b18123aa289d05b07e5e4a82,2afb83328a820bc679e5374becbde090
幻創種メイク,Phantasm Makeup,1340,5ea990bc7ed28e7a9f48a5945dea331e,e47dc6edef67da8ca2d071f1bd48bf57
シュレッガーのヒゲ,Schreger Mustache,1350,9ea05afd051f0e9ed5fd2afd758152c4,2c301eb52a44fd42e06d56f01defeee2
[Unnamed 1359],,1359,7afcceb6798d67c505830c1577eada58,a02c58aa610d1809d05ce2821f2099c7, (Not found)
[Unnamed 1369],,1369,4b8faf34d50d06ae5e08fa8873c68f0c,0d52381590a9f0711e15b28ba9b601c9, (Not found)
オフィエルヒゲ,Ophiel Goatee,1370,41b1a02444a393aa5feb18180caa7b39,403e87503d5bf43cc2d0e1450e4d9a9a
割れ顎,Cleft Chin,1380,c4d878bd435870ad7dc727559c9dc59a,532dc661ed6c172631a011526bd50f0a
スミスメイク,Smith Makeup,1390,d6bfb491f2d7b89a86096d6e6c99dfc7,ea06711998918f452cfb9132f679947d
ゴシック風メイクＡ,Gothic Makeup A,1400,fdf89e1337f80b858b7d546f6dad32bb,2b368c90719390836168cba2e71ab42a
ゴシック風メイクＢ,Gothic Makeup B,1410,8837c924a86df36630115f0441e6ac7c,779e493ecce68ba128b0fa8bcbae1e75
フォルニスペイント氷光,Fornis Paint: Ice-Light,1420,6c3f3f59408a67f031c9b96c3087ebee,0ce7b5fdcfea6454436a858287ea7b8b
フォルニスペイント雷風,Fornis Paint: Lightning-Wind,1430,4d9f8bdaf6f8fb980d522ef96e2ebd8e,a77235ab1f87b2d76c8fddc80bedc687
フォルニスペイント闇炎,Fornis Paint: Dark-Fire,1440,704451cff5794134c1431be380c4c9d6,9e2d5f1534636ab2a6619e4106f89379
シャルフナーデル,Hornet,1450,f0e6fb231315b53855a67c5b6eb9a9d4,ff03d0e34fa03a54da5f8acb106cdb20
タイラーの傷,Tylor Scar,1460,94f1729cba6882e67b504ddad07ef477,598bc4243cc96631aed7ffb894aff0b1
エレメンタルフェイス炎,Elemental Face: Fire,1470,2a6387b28cc528180f23042c63004c4f,83b1ccd4526fa40fa07b08e3ead3a39f
エレメンタルフェイス水,Elemental Face: Water,1471,666704630ad96caaef2ed3a130e160ad,e6c4fa933f45edab34aa5ce05ac3b13f
エレメンタルフェイス風,Elemental Face: Wind,1472,20a73d8cab666c77befc5ea235bd9236,4047da4584cf9f28219af9c3dc4fc241
シウニンシキテ,Siwnin Shikite,1480,75fd15dbca1cd4911b18a1e56e741229,23b1f8afa729c99ed6a19b683c33cef4
おでこメイク緑,Forehead Makeup: Green,1490,248a139c902621ab5c0121a266cddc33,37981dbdec4d2988d287476afe3c4fba
おでこメイク白,Forehead Makeup: White,1491,f74928f4a3a88b59ef33264dbc49ea03,adf4fdd7fde5f7814dd0c039c235eb05
おでこメイク赤,Forehead Makeup: Red,1492,b811441bc4c4b30038cc1537586539a7,161bde2edb7b15f2f48879884306648b
グラデーションリップ赤,Lip Gradation: Red,1500,b2fe0bf8844223296896770e75f40f00,818cdf35f3d8cafc1308ed239905e9f0
グラデーションリップ桃,Lip Gradation: Pink,1501,4f446fe1530f4427592523f64ecb3a15,f5511c8551d35d2c0c403afdce485f38
グラデーションリップ橙,Lip Gradation: Orange,1502,25391cc47b7c2bc83111b09be18b6c7e,3c938386399dcefc8d22c0429282bae9
アイギスフェイスガード,Aigis Face Guard,1510,afc7d12402933e8c320f28837286d682,b368766bb864dcb15a977ed33d43c91e
涙袋メイク,Eye Bags Makeup,1520,91b4279c50e5776c58078c7c47a94b15,a7688620a470f2bf4e1649a6938cf400
ナチュラルメイクＥ,Natural Makeup E,1530,c91c75306ef41c01626ea364c82c37d0,32690ba6c6e0b9803feb9ba22b9086be
シューティングＤメイク,Shooting Drive Makeup,1540,39a49950a194c584504b2cc821b54ea7,144af9b73ceed599cb238a3676d5b02e
[Unnamed 1549],,1549,63f4ddbeb1d874ee61b166a79365a163,b2e94b67095b79caca6ac21062083760, (Not found)
やんちゃほっぺ,Bratty Cheek Makeup,1550,9fee4fdfd186ab9fce8394203a6899b7,d2eaadf5e7a4fc4e9887eed99702f23e
[Unnamed 1560],,1560,edcdf93d88799488a86a66e96edc1486, (Not found),9570fb0edcfd4cdabab2ed040b7f662b, (Not found)
ミトラメイク,Mitra Makeup,1569,3013d8806eac4c275e5aac193fcab2fb,995366bd0c2e06facbf7c0615413495e
ヴォルフメイク,Wolf Makeup,1570,76a5b04ae210808c626f7c662df9bfe4,f2eda2fecf81730921f8af5315fc388f
[Unnamed 1579],,1579,706d8b095ce2afd6248b686a1f357dd9,b5ea9e207020f5e74ead5840e8c4e515, (Not found)
ビジュアルメイク,Glam Rock Makeup,1580,cb13a39a34e860a74de3de2ff63c6f14,5252876996b77612c1c825e8f67cf785
侵食メイク,Corruption Makeup,1590,237b59c8d7e925dce92f5a1eed58e080,a131a81564c6f3c0664cc92f21f74545
[Unnamed 1599],,1599,c741e294c462832b17275ac923ff37e8,9355874b310672aaf990bfe697004d44, (Not found)
妖異三つ目,Occultic Third Eye,1600,08122a6ba675167b22f17a7f6879847a,e4d5701ba11e4e35ee75d213014f9aee
ＰＳＺカイの傷,PSZ Kai Scar,1610,8445f9e4f6182540ec74b0bdeec36c91,d8cadc367566155fb6d19ff2084fa670
メリハリメイク,Contour Makeup,1620,bc4334b1356eb16f293f2c6f73a49c07,a3f0c8ac522a1cfe0bbd0e609ed1646f
スミスメイクＢ,Smith Makeup B,1630,eee6630fe0a00c957e859365327a0498,ca5c606adcbb0aa3a0e5873a6ed4da83
カブキケショウＢ,Kabuki Makeup B,1640,b1cc4e2922fdb16eb033630882bc7664,f5d1983478c897336f5472200b005242
ヒューイメイクＢ,Huey Makeup B,1650,f0797338802e8aba4e2ea3ed6ce878e9,9a72a9ea8c86f59ac080131b54c6a874
頬染めＢ,Manga Blush B,1660,743605e8101e8778ba25a190640408b2,3565e841b6890d708fd4432235cd0485
カムラペイント,Egypt God Paint,1670,a70541d29724926365863ad6624f73c9,6ee4f887e14f21e0c2591e85de1e92af
Ｖロックメイク,V Rock Star Makeup,1680,0975951a494fd860335280fd70ae6e57,274eabe8957371b03116b8b2bf3b1fec
アギト腐食フェイス,Agito's Corroded Face,1690,a1ec5ba9a9632642d0b2d820fc2d0147,0911ce572c51e09bdbfab2bc09b76332
にじみ涙,Dyed Eyes,1700,ca2206ed56d810889d62caeaa4a67b08,972ad9ab245cc15bf1c7e02e30fbe11c
シューティングＤメイクＢ,Shooting Drive Makeup B,1710,038a0f187353c2bb0d5b3af3afaa0849,09483843b259fbb1a336fa83b416ef31
レナートアイメイク,Renato Eye makeup,1720,fa5dfb62bb0e541ed321603fc0f1b689,681fdd6d3ed7c84b380a8572b3aaf097
[Unnamed 1729],,1729,4e0b5f70e1cd3f3e4593221537f38525,45d50a3d038ccf95bc0ec1007d3e8fef, (Not found)
バタフライアイメイク　黒,Butterfly Makeup: Black,1730,06b63f1d28072e80995360030d640b0f,423c3aeca34b2ba93eba41e7fde4f0c4
バタフライアイメイク　青,Butterfly Makeup: Blue,1731,68b0eef1b236634061780d262a62f371,f087cc651d8ef6a2c44aa2708be91f1f
バタフライアイメイク　赤,Butterfly Makeup: Red,1732,a06fbbcb75f6e65f93a32284cf3d3386,25aeb01e4fb05a6485e9125efad5366c
濃いメイクＢ,Heavy Makeup B,1740,ba8ffda07f3e9f5c222d67b02f767a9a,3b734fbd5072891d391cd605a98b4daf
ゴシックメイク,Gothic Makeup,1750,43d0ebaa476b8d630d2e84ab1b4c5ff4,7cf132ca20b4b294768875f3e6ba1902
泣き腫らしメイク,Red Eyes Makeup,1760,29a8d609f68239acd1e368693dc1c2d8,ced8948b6d1fd6b18adcaa9f7987fcf4
ステラのメイク,Stella Makeup,1770,f438a42b3ff4e6fb38258e498fa24664,32a0b0ab25dc38ca32a3cf43c8f23265
ステラの頬染め,Stella Manga Blush,1780,50544f9fff2fdde955dc328b29af171f,28631d18fd894473c7792fe0f1457307
ジャスパーＣフェイス,Jasper C Face,1790,e0b719dba44407f7055ff4093ceff331,d9e2f756a722b6bdb3a458f23c0d0e14
ふたえまぶた,Double Eyelids,1800,c36bd654e74cf78a4f5f1ed6981f8a75,a52cdfa325e9fa58d066e3c4298a4208
チークスノー　水,Cheek Snowflakes: Water,1810,5b46fd0016c90e400566baeddb3978b4,85b54035caca69b08832c07ade260739
チークスノー　白,Cheek Snowflakes: White,1811,fa7a62beadccd437305b0c8d99a24272,aca0d05ae317c99952e4dc59efd5f7d4
ゾラのメイク,Zola Makeup,1820,cd8dc41c398a3f2ba5e32122a3b34c60,e3e2f882fc85b95ef2dcea7b46df18d4
ユリィＣフェイス,Uly C Face,1830,68915ecbe1b71da6ae4b73d45317735e,5367b382f59c70da3bb46070e58bcda8
アベーユのメイク,Abeille Makeup,1840,88eeb8fc57bd2874fcd044dae98e322d,fc8736bfea191c67f0a88d904dd6c905
妖異三つ目Ｂ,Occultic Third Eye B,1850,f82ef1506d6f6c78338cba0e203e202f,9705bc7bd4b61166369ac87c79ce0fbc
ディスカーメイク,Discar Makeup,1860,ed838c3f0610e0c43aeb14aa0d9096ac,17a71a5e8268f2d2bd7b9565250f392c
オールディメイク,Old-Fashioned Makeup,1870,593c04b5959c89da4ac1391780d1b102,31d4ebfe1e79974d6aff30fc0fe94fe2
ゴシックドールメイク,Gothic Doll Makeup,1880,1fd03f3cc440a64fb4d2fec87b6ac84c,882ba1ab28b785ac665c3714e21217b2
ホルシード泣きぼくろ,Holcid Beauty Mark,1890,2e1da3d3fdcfeedcc3b2cd7a7fd5029d,6774bf1aad6a272e99a919d0416a5fff
[Unnamed 1899],,1899,682fe982b2f7a6b926ae0cc4a358a5b5,a37745b0f68ca967898106d7649c8bc2, (Not found)
ズーイメイク,Zooey Makeup,1900,b2eb60be12bebe4f5098567a64de2b29,69f1c30896ef451d0d24399c55b45a78
口角メイク,Mouth Makeup,1910,2ba104bd63ae6f1582cc14dd5cddc973,8c56e65202717d135d23b77b1dd0a43c
ＶロックメイクＢ,V Rock Star Makeup B,1920,1228c23a8438c5527f6b19e3550dc5ec,7c933d30fa5c7c5ca476299151bf4df0
切れ長アイメイク,Almond Shape Eye Makeup,1930,318261141f00aee1f4db64e35ae51d9d,5f1e167d218e31925b0310960f2d336d
頬染めＣ,Manga Blush C,1940,9bf79d05ddb8e60e39628feb8e85efa8,f748ca6ca6be3f03351e958edbeb8ecd
つやつやほっぺ,Glossy Cheeks,1950,f3e6214f3b3e2f433482bedeebae3166,bd7617787b55d187c271c9dbf6b9d611
ゲザングメイク,Gesang Makeup,1960,36f9355e375d362264e6a928e63838aa,0d1f1ae7d0b76ccf6ca7dc02f58fef0b
シュテックメイク,Steck Makeup,1970,db13a41fc6defd51c73bf9d62ba4c80b,f89ae771ede122d2cefff5110579fc46
ナチュラルメイクＦ,Natural Makeup F,1980,0d0397ecae68bc3b634b4329e3eec20f,4c58d8cb8ada4a7f9aa914b786ce43d7
カムラペイントＢ,Egypt God Paint B,1990,8d03cefe0f17aaaf13954be22c32eaa5,388f05cb8569b6be50e686e017d3d0e8
サイカ・ヒョウリメイク,Saika Hyori Makeup,2000,4cd21b312d1fa514ac48e9b3e5821007,3b85c9255bd18dfde122e88ebaeb181e
カザミノタチの頬染め,Kazami no Tachi Blush,2010,5cfa3fea0f09f9ffc2e27ec9cbad8505,8929fb08743cee23255fecd739d06e2d
カザミノタチの頬傷,Kazami no Tachi Chk Scar,2020,d96811a054e64e799faea76f5d652af8,7d7c6cc7c2418822e9f9d1b41f100f40
ナチュラルリップ,Natural Lipstick,2030,28b6380a83dd8f0242c7f29fd33820bb,fb7d17f99d1eea317e77bf01df45d378
ハートハイライトチーク,Heart Highlight Blush,2040,b96aaa32ed8b5fcfed18745621abb094,ac04dc3cfccce974f9c826db59dec61b
ナチュラルメイクＧ,Natural Makeup G,2050,2b13e2f9c9017b65a8f0fb8521085451,b10d36513f5f0c0a4494d600cda285f8
ベビーリップ,Baby Lips,2060,a3a744612db714054ccbe58534e65a28,0153220d0fb99960eba78eb03ad8a0a4
ドールメイク,Doll Makeup,2070,ad52e3a0c3778e25c640dac93a7bab62,77ab630a241a0be49e389ec093355370
ラメアイシャドウ　赤,Lamé Eyeshadow: Red,2080,ef95bca055776fef3a7cae6492c98a93,f963ab4558a90ea7443582a637b8e11c
ラメアイシャドウ　橙,Lamé Eyeshadow: Orange,2081,9f1ab0df62cc8d8cf4442491049392e4,d38d42182c847be696a3b3f65711cbbe
アギト腐食フェイスＢ,Agito's Corroded Face B,2090,395a4a102f0a792ec61d1d401fb05325,7304fedef1ec5f33e857bda1244f0c48
スターラメメイク　金,Star Lamé Makeup: Gold,2100,ef5e0901a9cdb9016b708b525c7fa62c,24742b7b2b5100f72b362280838a5b8c
スターラメメイク　赤,Star Lamé Makeup: Red,2101,f0498d259a6ce8bf93b9fa053640b371,c7cab5318e72669b8190c4153770b6cf
スターラメメイク　青,Star Lamé Makeup: Blue,2102,ea224c08327bc00e6310ab28954e876c,97e1b543210c86f4b8d015d87f25f3d0
ビッグアイメイク,Big Eyes Makeup,2110,2ccca4313c7dee27afa04f9d5085be97,c47a945b44b0f161e0e07daa6df85fcf
ミニチークハート　赤,Mini Cheek Heart: Red,2120,a6237147ab3c8e7b07e7857d91a8b0de,a9b69950e11ac0d3749020bb93a59c7b
ミニチークハート　ピンク,Mini Cheek Heart: Pink,2121,7215ab26d3f254b0cd11589d9623a5d5,99271d06d6e18eeed38abf5282f9f8f0
ナチュラルメイクＨ,Natural Makeup H,2130,93f4fb1b7fb21cc5ff241f919a976f4e,ffd8852777b4c09f5975417f5acd02cc
ツヤ肌メイク,Dewy Makeup,2140,57ba562510cc956057f5b44104b9ef98,751a00ec49df6f1266c30069d473b1c0
春日一番の髭,Ichiban Kasuga Beard,2150,5d5940e033e3c2580f18bcfb720517b1,0c7387f9283669a7329d6cb4b1069d05
ガットネーロ泣きぼくろ,Gatto Nero Undereye Mark,2160,7141c20a3f6d42152961d8615095d0a0,e27405d8eac87fc59a6e071747d44913
フォニュエールペイントＢ,Fonewearl Paint B,2170,1540471455fbf02acf3822a793c9e822,67f774d2fa476e8e837076cd72d38ead
ナチュラルメイク,FacePaint 20,10001,d9fced75268f52d156c8ea16e151404e,680dc6960820720d628b7214fcdc3426
ソバカス,FacePaint 19,10010,0e331905bf67f728404dc29c5963998a,fd377484435cf197593949607ba97a1d
モデルメイク,FacePaint 21,10020,74074eb6adac644e6085f2435c58e108,2ad10fedf0dc07f11367d5851a0703d1
濃いメイク,FacePaint 22,10030,43101be61d7485888167ae39f08a9f38,0ca54a08047bab6f3e1a077915b13273
リップカラー　赤,FacePaint 23,10040,d4d25167da20c7ed26cb21597c58af05,dbd56c86457f3934a267bfba1d5b4009
リップカラー　紅,FacePaint 24,10041,5b41d6004372d83dd4a644472c70dd35,d1175869d56a5bbe2f9f2ea1bb6f0375
リップカラー　薄紅,FacePaint 25,10042,fb2065ab6ef794465d6fa330fd3def59,c39ded2e76c50594af13e0c6226ce75a
リップカラー　橙,FacePaint 26,10043,d6e90fdc035dbb0de817d552670ae6aa,d26d2f9218d3ec0aebe0571da0a49b92
リップカラー　緑,FacePaint 27,10044,fab6fb8449bdab8b84763ffa1844d6e4,282520e0f30c5e6c305c8a05e34d24f2
リップカラー　青,FacePaint 28,10045,17eaced38f6b0f0007fd61c95347d134,74ef3f4140fdeca0916a0c5da7320f9d
リップカラー　紫,FacePaint 29,10046,92e201164eaf5983e328f3b919cc51ab,c4c883c8e0d80c07ee8236eccde35b7f
リップカラー　黒,FacePaint 30,10047,24abc88eec8047a23897333ec8e8b37e,342794d3984219b64c770f3951f52781
ブライダルメイク,Bridal Makeup,10050,d06305422899596a63ee9c932d9c0de9,8fff91c11d78a2cdc1dbbb629982f7b7
パーティーメイク　青,Party Makeup: Blue,10060,062cd08b52553b3ac5335559b76ef2e8,0c0e50c7dc3174577aa960cd20268c5c
パーティーメイク　紫,Party Makeup: Purple,10061,ba1f7d431ab50b616bae1ddfd704184e,b2b1c09c3a76abf515707e00b1243f92
パーティーメイク　赤,Party Makeup: Red,10062,498bdfc79440ed13ce5fccb557d3af70,464d400ff87b98efef333579b3d090cc
パーティーメイク　橙,Party Makeup: Orange,10063,1a19ba723526507f8a8c853d72f9f34d,4fd151b0590ff2235fcadbaa70630a36
チークスター　赤,Cheek Star: Red,10070,f25b18ab21131525d2930fdcaa68e40f,293ac6011ff88950efc641512f753a61
チークスター　白,Cheek Star: White,10071,7690753ecc59bc9d25a7a002d225d972,8d5143e38ee6096ce90005205860d398
チークスター　黒,Cheek Star: Black,10072,fcd542accac546adb25bb77615602c3c,183876fb82a6db79fa1701fef002dfa1
[Unnamed 10080],,10080,37538fe24e9f8cf04471454dd32cd5d3, (Not found),06b5e0be6de1190db4620db26e2806c8, (Not found)
[Unnamed 10081],,10081,86e840afb95e1d4f5c75abbd5f2c7b28, (Not found),1cc0b870a4051e79bc806d72e2d5a922, (Not found)
[Unnamed 10082],,10082,9047fcebc309e292f0143914e191efc5, (Not found),03f91c14b1555bdb78e0c9b099339a89, (Not found)
[Unnamed 10090],,10090,fb8ee99054a3f5c9404aba24103a85a4, (Not found),1e681f1e4958a1ee0aee7f1ecb893089, (Not found)
[Unnamed 10091],,10091,30c3f1509e9c00420d146b470217d691, (Not found),2a5c0d559de2e79204cd7e2accb65c5b, (Not found)
[Unnamed 10092],,10092,c2af1f44a41b8c2773529486213553d4, (Not found),9f4608b52d44fa58eb61013fff7e0576, (Not found)
[Unnamed 10100],,10100,6137ddec3de5e4554aec1114d97a3c72, (Not found),528f97a814210e5d8bd5a551c86755b5, (Not found)
[Unnamed 10101],,10101,861232e2c7dd2fff0d14291870869f76, (Not found),50e51df7c8a7a99acec66fd76580237f, (Not found)
[Unnamed 10102],,10102,d9f7de5ff6cb69e03d6627ba0a53837d, (Not found),75034e1b06d7d32da24567b9b98ddff6, (Not found)
ナチュラルメイクＢ,Natural Makeup B,10110,0c2d5cbdec0920c2494ce541f276799a,8752a72f83a4b018e32db7cd12e950a6
ナチュラルメイクＣ,Natural Makeup C,10120,819857ff3fa86b793ba68378a59c2a42,e84224117d9067ac221cbbccdf491afc
ナチュラルメイクＤ,Natural Makeup D,10130,066cb53c1ee76e90f96687674ec9a9e4,61be7f3938096cc8df074b5260f0d9e3
[Unnamed 10140],,10140,e96ebb9b7d3a10a140c8035d383d89d5,fc6907c6a432475715705c23620ba4e0, (Not found)
[Unnamed 10150],,10150,031d6cd2370ba75da863757e6257c9b1,42ca5031f02a283931edb8acb49f96b0, (Not found)
[Unnamed 10160],,10160,b14d04cc5f4ddbd7bd60e5f966e0316d,936faffe8f9d06bca241a5227667a4e1, (Not found)
[Unnamed 10170],,10170,04c98d1a50a53a9d9bda13a30a9ecd34,1f9d4c7ad26683663a0e71912956d9bc, (Not found)
ヴィエルティアーズ,Viel Tears,10171,d829f1a25b83f21d7b9ff91fca7429e5,8e9f62be9de740e6387bae3fa1f1582b
[Unnamed 10180],,10180,af4c0cb093c92bb5589ced3a1b634c83,095fed16becbc82ef2dc179f16da2797, (Not found)
砂ぼこりメイク,Dusty Makeup,10181,ec19ce99269fe784079bc6217621d57a,826b6d9dbdcd763c9e098fc97bfb8cb9
ミコッテＦ・フェイス,Miqo'te F Face,10190,b8ca51b561f9b08216874a20498cf53e, (Not found),62e50ca7c1df4841768581dd769f228d, (Not found)
アイシャドウ　茶,EyeShadow: Brown,10200,a83954e41e2ecb205ef242569c12d906,55992e680832a4ce206c7b03c1899d23
アイシャドウ　桃,EyeShadow: Pink,10201,e624f9f654240c6e730963303499e7ef,fb326caf688f2d4b3be4051b255bb53e
アイシャドウ　水,EyeShadow: Blue,10202,ea516f980e094cf9b7a78b38d1dea290,2a153c52c0afd8ed4547154f9b96bacf
アイシャドウ　紫,EyeShadow: Purple,10203,8abca47a6dd516ed364a146ad9b863f3,a49dc7855bb5260c639d4f1e84888c72
アイシャドウ　橙,EyeShadow: Orange,10204,8aad488847587d0e25a6b3958ce01683,8e9823699af02b38639301062575ff3d
ヘルガメイク,Helga Makeup,10210,d1cbeae0d0edb4e62cdc1096c894b3e9,d869578ddfffef2c04fb83441d713148
ヴィヴィアンフェイス,Vivienne Face,10220,8cd7c769757b5eda730b2025efe534ad,568cb133ee9c033a7dabfffa6c51ca5e
[Unnamed 10229],,10229,bb8f4a67a2f55847aa4cc55a52ad17bc,634ce3bf9ca5a6f6d1773bdde38e927b, (Not found)
クモの巣メイク,Spiderweb Makeup,10230,8710e3886f11818ad004414656e3d9d6,a198790c2dc0c82c25c4495a6d96a9c8
色白メイク,Foundation,10240,8ed80f896ceb43965328f326db997e99,4c701c1ba34048086f9776aa5a561783
ラインタイプA,Face Line A,40000,24b50ed8439fc4a549b7e5780a776076,951a94c31b9d096a735de0412720a717
ラインタイプB,Face Line B,40001,796e5dd872639118a4e7bcfaa287154b,c33673849098331da32e714b76f49595
ラインタイプC,Face Line C,40002,330f681c36ec752baa58fe0a49df1b40,688bf8ef911d8f9dea53095fefdfff0f
