[Unnamed 0]0,bb1d9d2576daa78629bb0ceb8cd41a9d
[Unnamed 10]10,f9160b48b2bb0455fd91400bdf5bae0f
[Unnamed 60]60,0f14b61a9c2d63c95a0db9db8ee44d79
[Unnamed 5000]5000,5bc626c69de1addd7c80026b81d34e86
[Unnamed 5002]5002,887ccf1ff34868349c0b43bed3840860
[Unnamed 5010]5010,1b8e5e9a5520e6e055220f02430c0016
[Unnamed 5011]5011,9a27d9c08a6b0080ae907069d3ccbda6
[Unnamed 10000]10000,a6aaab9deb26147958ec09d3f479d673
[Unnamed 10010]10010,aaf373b789e78b85769754cdc3e698e8
[Unnamed 10030]10030,089b02d554953c653f60f986fffc0573
[Unnamed 10040]10040,1beff82d4809a0f4873c7041686d93a6
[Unnamed 10050]10050,3957e01fea888954549b32764fea89f9
[Unnamed 10060]10060,472f7b4a367d5cf53a0b44dd0b7cce2d
[Unnamed 10100]10100,662a7553cea9ef5c172c7c744f6358b1
[Unnamed 11000]11000,d62267c76a9668356820067be451ae9b
[Unnamed 11010]11010,fbc023cdb1c3d603e2f51ee283434f8c
[Unnamed 11020]11020,4e394172ccaf6b908a09cd7a08b82de7
[Unnamed 11030]11030,391d26ae000ec70900531e6caf7a2914
[Unnamed 15000]15000,e84f0253250a654284981aa3f04fec22
[Unnamed 15001]15001,945b072258d4aa33a1938bc82800dfd4
[Unnamed 15010]15010,ab3e94c6f62724c6594766b4d019e9a7
[Unnamed 15011]15011,9e30d6e976d1b87a559344029b2d92af
[Unnamed 15030]15030,5fa1eb7a3717b619b2632ef28d6d3dbf
[Unnamed 15031]15031,77dfdfbd65cec51caa86000777f01649
[Unnamed 15040]15040,7fc42e27cd471cd5705b333f28d812c9
[Unnamed 15041]15041,78bb98b3001d166fd2f24e9ad2786233
[Unnamed 15050]15050,b7ce3188f9ea316625dba43a83f64718
[Unnamed 15051]15051,4e886ad8c670d57ae8834d0c622f238b
[Unnamed 20000]20000,615e54a0d7fb76445042f43fd0d0e84e
[Unnamed 20010]20010,653bfe0a61b83574489cdc6c4313d78e
[Unnamed 20020]20020,437af07923be81401151807039bc5d4e
[Unnamed 20040]20040,2e8e0aa3c535b12314ac0915c3905d1a
[Unnamed 20050]20050,2ff5da751d7f1c1a7d88631bcf60bf5f
[Unnamed 30000]30000,09dfb1d9f8f78818c94b437b3967682a
[Unnamed 30010]30010,0135e72ce370cffebb0fad56e64dd409
[Unnamed 30030]30030,d2d780078944ebdb81292e6346135a50
[Unnamed 30040]30040,c376d0ae938c33e83aae62e44f0656de
[Unnamed 30050]30050,49c7663f8de1fd852575a713b573e966
