ツインテール,Base Hair 16,10001,342f49c702214788884dd142f07ccde6,c41d3d4c15ab13036b7349a81cb8ce63
ナチュラルロング,Base Hair 18,10002,d4077a20427e6bcfadcb0404f9f053f0,f6483d77e9b7fae3fa904294e45feff0
アップスタイル,Base Hair 19,10003,9250fc0b5539e24589eaea4b8bc24fba,7214d4598896dea35a6864f19345905f
カジュアルレイヤー,Base Hair 20,10004,f4e9755b06929c61657600b6cb52dfe4,82477b28acd0a1c08c9647108d261318,0029485b9da95a64a4b6e9258a8f3a6d
ストレートロング,Base Hair 21,10005,1af578306c962b54bef0edf6ce48fa8b,50e46ff64c2ec1a89799321e72c3b81c,5e23f0e0814dd5c1576e2c4f488cc430
ミディアムマッシュ,Base Hair 22,10006,a3e44775302d2012c56a7966ee652f96,716a42762fdaf00914c144c379a9d9cb,87ddd14ade6c9354b59c6c326c29971e
ショートボブ,Base Hair 23,10007,208a80e821fa8e0b77b94e411ebd1795,6164c97cbed63890b3834d4e7c26775f,8d005260a521aa9ffb8646902bd13a25
サイドアップ,Base Hair 24,10008,242d78a7a5bf2f097fe0b661070e6eb7,03ac81f0471b59cb4530f032e09bc886
ミディアムツインテール1,Base Hair 25,10010,4a58ac9bcad8c8851542cd9252f589fd,50807723c7b4b3716dcbdaad150c1d2f
ミディアムツインテール2,Base Hair 26,10011,82cc66849cada29005154ed521e646fe,4c6cd8fe11e89414c108ff19cbecb95e
ポニーテール1,Base Hair 27,10020,bbdd11b518247bf8a3254c863c6945dc,d5ef92e0612b406fe58b9823d4644648
ポニーテール2,Base Hair 28,10021,ba94aa4e42265e1b1362b9429c35731b,c9fa7ce784c4283b1860c58fa5d17581
ポニーテール3,Base Hair 29,10022,617f7d654e975de4629f47f6ffc0a91e,80cb7f303aa7a8bc4f8db9ea47abc84f
ミディアムストレート1,Base Hair 30,10090,450ce479b3d1815fe4e38593ff3f9a27,3516d46a7420a99a5784b65d153245aa
ミディアムストレート2,Base Hair 31,10091,e584b4de37d5906d3156700a396848bc,398a2a0b0df45f7af4f45abb615ab97a
ミディアムストレート3,Base Hair 32,10092,fb3523729e04bfb1ed384353b91eeffd,041b197a6f1441fd753861657b77164f
レトロガーリー,Base Hair 33,10100,f169a6fbb1008c21754eccc0c7f88735,7c53da3f8c27e0c6e1f6f83e06107cd7,b4eac70fb5056ea18798df1defbbb893
ナウラ長女髪型,Eldest Naura Sister Hair,10110,81f7142647293b05d77573db47ad885a,4f52f40cab2d912b68a881ca08698a1a
ナウラ次女髪型,Middle Naura Sister Hair,10120,c0da36d258ef5060ef9e255141da29d5,3f85d1c597885023fceecda2fb54c7b5
ナウラ三女髪型,Youngest Naura Sister Hair,10130,ca0f69c9950e9a83d5e950e76b8bc7a2,23fd8a2433bceaf6b646ee09e7392db9
ゆる三つ編み,Base Hair 34,10140,7764d793161d0bc8f6a1f22d49f2e733,c2cb91c2cac6ff5d057b1934d731bf59
ゆる三つ編み　前,Base Hair 35,10145,2833246c95022b292de5f8d147af9483,a8868e2706978e73ed249878c3b769a1
ツインアップ,Base Hair 36,10150,3f5ccd3f6e815008e9bee86eb52392b7,af79ada6ec2532e2e6b70258a2ef173d
ロングツインテール,Long Pigtails,10160,811f84ed85546b1e54ed34baaa7c230b,189eaac0eb8cb840c3a434b0ce7c46b8
ショートリーゼント,Short Pompadour,10170,0190d93df475e88da0f3ee46aaaa7c93,411410fa25d58ae7ca9367d63107b751,0251c409d77d7c08c6af4a90c263e592
[Unnamed 10180],,10180,01e8af7a18a530051623b2c56501bc4f
編みこみアップスタイル,Braided Updo,10181,97f07930e1e5b69a0aa5a3e39718b858,36ac338f0ed02b1547f8db76a804e2b1
クラテルヴェール,Crater Veil,10190,52fca13cc23a9b61515a693666edc190,47574feb154252ae8f6dd71375dbbadd,30d817f81bbf9614ad0ee5326d2192a9
クラテルヴェール桜,Crater Veil: Sakura,10191,482cf15bb0bc87735de519ac86265d42,f770244ded3845b9a20809f3a09f9f17,2f98f713ddfe17d3a0239f3e2d71310c
クラテルヴェール海,Crater Veil: Sea,10192,c97605e24bff433d1fd9d0e2abea3159,680d6ccc27c76464810c0d78035cc15e,d27f005b4ca72dadd15b5258a0686e56
クラテルヴェール鋼,Crater Veil: Steel,10193,2fef9b0279989869433a1f97b78b3af6,736489fb1fa0bf2e6153e4f179119d67,1db3affb37b694bd6bcb164306da5b2d
クラテルヴェール影,Crater Veil: Shadow,10194,8dd0b6599a20d349fe6bffc54b53af9a,728d3b2a28089841f85e3aec64c2baed,84abfdb26dcb95235687bb8737aeab9c
外ハネセミロング,Winged Semi-Long Hair,10200,ceda6430014326dc459e2693b65658e9,2849a1324f2b489dff0655d149dd812f,e081739ca0e46061395bc776738b7dfd
姫カットロング,Hime Cut Long Hair,10210,4b8f7edf22ee0364dc7c1504a179a69c,b5f923fc0031c63f6904c78324b59684
イーリスビーハイブ,Iris Beehive,10230,2b2c24243b770f099e8b55a7fabcbcf7,63e8ceb2de4a56c75323e2f4e535e22c
羽飾りツインテール,,10240,d6d49e88e8203d23bcf3d8dc716a8cca
デビルバンドツインテール,,10241,1a705f5a647c02a1224142e7d1437a4e
ラフツインテール,Rough Pigtails,10242,ae32a80df6a0ea8c519767a3f01e7a28,7131c29b89eede34ff696efec9a8d487
前分けツインテール,Parted Pigtails,10243,bb2793cddf542ead5fbd20aaacd900b7,683cd81ce5529d3bdd828e6b66be1c24
ローゼンロングテール,Rozen Long Pigtails,10250,140f0dbe6860b3d271d9991202ea1804,dc2bf2b5dc6674b546aaa89b2a34091e
[Unnamed 10260],,10260,45ea77ed2a03a46cec6b5259d65a4fae
[Unnamed 10261],,10261,8866b671f9dd7e88274014acedfd1a3e
[Unnamed 10270],,10270,0df55b6beb514f013f54b82d5b61b163
カジュアルツインテール,Casual Pigtails,11010,e5152c135d5f53852910fc31dec0baff,801697630080229bdc7495fd9d2dc81e,e3a872d989620df3a299c7df914b6e79
カジュアルポニー,Casual Ponytail,11011,c87c2cce48a1af1364fce6e24959a1be,dc3a2e7fb2cb133a6b028a98e0763877,5dc22329bae526a552f6c5509e7f531a
カジュアルロング,Casual Long Hair,11012,3365310692e2c8a7b156e45612c8e1df,8edf4a9840745dd069273d0cbed8a94e,ab9e4dd77eed16503c5e89e150df0e7c
カジュアルラージテール,Casual Large Pigtails,11013,c9f2830b92668517df48bd7b23f30a8d,99bc82b3e424f0a18fd0e1c24af8c51e
カジュアルアップ,Casual Updo,11014,6be8df65be9542e1933987165ef65ff3,117d081de0645b51171a523920836f11
カジュアルたれツイン,Casual Hanging Pigtails,11015,b06c15343fc41da6e7b4e51e1bd9d51d,cfa8eca69f178ec81cdcbab38d4fdba4
ストレートポニー,Straight Ponytail,11020,574d4dc67d018b08f2114d8e6ee77401,0a1458e176d2bd979329576ffdcd5c3d,abfbfa69aa5b23605bdffd48ec8a6da9
ストレートツインテール,Straight Pigtails,11021,483bee20fb152288bcc9705c398ae31f,de12ed29201b239a744e7a06bb3c411c
ストレートショート,Straight Short,11022,031aa92d4683541afd3c0bff278bfecb,deab62e87bf401a9440135079437dd1f,371073400be145de353e16876191eeeb
ストレートラージテール,Straight Large Pigtails,11023,4655dd9f2897bdfa7f507ed0e4eaca80,7bf4cd9b1dd9228d7781ad7b1d380960
ストレートアップ,Straight Updo,11024,44b47bdcab952e79a6c4a2898d6a6ed9,119a928594887ac99ec784c1927530ab
ストレートたれツイン,Straight Hanging Pigtails,11025,81d59b038ad88d929bfe135080ff2247,e4749cbbd6d4923755781caffa0ebf14
ストレートツインドリル,Straight Twin Drills,11026,d9762aeb2da8bad4469a6544a1cf3308,e2aa59f436e8ff2ccffbdea687504e3f
たれツインテール,Base Hair 17,11030,ddaa5ae8f5631eeac2f8b2e239ab5aa8,d0221ea5de41ec1754415219248c3b78
インテークショート,M-Bangs Short,11040,c47a70692d5c21d765fe50aba704ed41,417c2e1f055bf77dfd254126ddee403e,967f7c8255a2f7b1394a34a3280faa6b
インテークツイン,M-Bangs Pigtails,11041,3aff19c6f57397781780b25eb55c8096,27515953354fae9d0292c9745bc7518e
インテークポニー,M-Bangs Ponytail,11042,c8f49b194cfad4cd885b8ad5d036be8e,95b6c81abe57c6ff52764b5075dbc10a,cc85f694592b0d41621a0bdec6f8b9de
インテークロング,M-Bangs Long Hair,11043,353a672641d28a3c746f9f8f17b56e73,3d86c651cc89946d5fa54c28f0dfe388,ed33770e4d52c24092d75445bd1d4514
インテークラージテール,M-Bangs Large Pigtails,11044,3ac15427a284a23c6cbb945f9fb1ed49,fa37f77a10807a232ebfef7b8ccd5d85
インテークアップ,M-Bangs Updo,11045,263a9a80a43a14cdef5868fea3a64c22,68b94e1e32b12eb1bfb4bd289eb98bc4,b944af2ed122e8dd86ebc0940278f4e5
インテークたれツイン,M-Bangs Droopy Pigtails,11046,c7b34ca3d3365a6f453b0317813a6eb5,6a5d6f2b14eb1ea7a5e1e053606b23d6
ツーサイドアップ,Half-Up Pigtails,11050,368b1ce51a3992938fed460caac6ae4b,a6ff0c0e90ed67ac381f9f79be18317f
目隠しショートヘア,Side Fringe Short Hair,11060,0ffe669b9a33922cb24f511200286b9d,76c0d851ff2c91952bee3ecc7030c484,2b162a4418a84d8d09b9e9e402ca9eae
束ねロング,Tied Long Hair,11070,af2794157afb5c3651989def9571354f,50653f9bf1b073730ee9e77a7cffb73d,597212c3e1e611ed01aaf2059f11c1d0
ドリルツインテール,Drill Pigtails,11080,02cc8bee87ef2ed475634821cbceff92,14f8d57af33b4c78ffb64e651e249bf6
ハーフアップポニー,Half-Up Ponytail,11090,916fa6519ea2e0b0d315c87e89e9a3f0,45b5faf12332dfc1e87a1d91f271adb2
[Unnamed 11099],,11099,a32387c1c2de2d808af76e9dde80b2d1
サイドポニー,Side Ponytail,11100,ba083dcc8c3fc3bd6252dcd140a16c2f,467df46f5f14ca682828063f33b09586
[Unnamed 11101],,11101,3e20914c7e90987f54a0b0665580b3ea,03ccbf37e5caeb01c0b380f67be5e82d
アナザーサイドポニー,Another Side Ponytail,11102,5123bb96aa3168bdd9c4700916b44f80,1cb88dbc40a6fa53021ba1f579abc703
外ハネロング,Winged Long Hair,11110,3bcfcf748a719d8b14422e464209929a,cf80e28421ab648b3d21e9acd43c3d14,f7a900cfdcce463537a5fb4f84516d9c
初音ミク・ヘアー,Hatsune Miku Hair,11130,557389cedf845f9a0008f119989eb70d,04488bedc59a44c0a81182b29c4b1c19
ロング三つ編み,Long Braids,11140,60b85192b32f6979ae4c32f9d8f62a8a,104bcd382d916cb5115be097ec0ee6b5,53a7602f399154775f7d2e37a2e4543b
サクヤロングポニー,Sakuya Long Ponytail,11150,dfb13b863198a4bdf3b1c6a35fea6471,3c1792111de5f0392317917a77c5ad67
パニスセミロング,Panis Semi-Long Hair,11160,4c4ee61143e3b27865e2f444eed8bc63,da59234d98f4b00f5f279af3ef03e82a
裏雪姫ストレート,Urayukihime Straight Hair,11170,201e312f8f10cea562d7964336bbfec9,8d191e6969411a79d67377888355ef48
ファントムＱポニー,Phantom Q Ponytail,11180,e26f2db516959f3ad4ff15035b4899b4,96ea89f1e814059e97915b3a74b78c3c
カテドラルヴェール,Cathedral Veil,11190,d18d2372cded6f787377a057b4221543,db18b6a2194daa49475384d34cd4e802,c90eb640e0cf930a81ea226943d59cc9
セルベリアロング,Selvaria Long Hair,11200,167044386986cc5707693fc76a130bfd,4c724e913bec2347a2353b49a382986f
チャイナシニヨン,Chinese Bun,11210,9b8d0afad07ff9d99a6420d46b2dfe99,daf25952a29a1825d908ab7eee25cc5f
アルルハーフアップ,Arle Half-Up,11220,aaacf420f08def2dcc206fabe1fbe603,afc64ad3607eaf440a16e62a8ad8619d
フィオナフェアリーロング,Fiona Fairy Long Hair,11230,6c6138462c4d66776719efa8666d0994,ea88acb463d0a22bb862c59482609888
スチューデントＳヘアー,Student Style Hair,11240,397398438f1222deb5c7d20993a6b4f6,150a6e91910b126f348fbb946c11cc1c
ピラートバンダナ,Pirate Bandana,11250,ab1078e9ec2853c06143f31b0ff2b137,4b3c0accf5b7b0c5a6b91ea12e09b12d,01152ed7809d43cbce4a3b3abe691ad5
アナザーストレートロング,Base Hair 38,11260,2ed68d3c7dc354a32ed32fb8a0065054,a895a3614b62dc6521758186f3f4281d,a946b58416d1cd91ddb5856cd1157fda
ヴィクトリアアップ,Victoria Updo,11270,e586f340d9225a88e87620bceb3b5264,82a2b87332658f3d05fc82b428a02dbb,5f03b148f8e124dce68d0163787a14ba
エターナルＦレイヤー,Eternal Form Layered,11280,43aa78202a2592067ff786ed5f9ec7f0,29ffd475a60db25d7b2ece6ae1cd594c,ee37f4fca0f29cba47605b4aa2d5737c
パフュームツインアップ,Perfume Pigtails Updo,11290,4aab23f4a322884a9746f6be2a96ffe5,edfcf796b3f582a73c998b5070a7d51f
アリスブレイド,Alice Braids,11300,d1d6ba1a86a7be8d3c671bccbb226de9,46a4c16f9b5ab9931caaef754176fbf8
ゆるふわシニヨン,Easygoing Bun,11310,d8380dd1f46303332d0850f6d96e7ae6,862c1fb319fc0f8b70ff3a8064caa170,5414c14350cc641e6584b4ba166aa5bb
ツートーンショートボブ,Two-Tone Short Bob,11320,d3bac548ce279840427b434f06e60b45,582628436166be4cfe4c4166c198e1f0,243cd5e375d0904b2c8aaf9853c9cbf6
ＧＨ４１０シニヨン,GH410 Bun,11340,99af49a1003d43f75dd9dac23eb07cef,900562e1263b8fb4a3379ae56bd0b3ff
チェルシーヘアー,Chelsea Hair,11350,0b5606199d52a7b7197f5f6f7584af38,b3239b413bd58494a0b5bfe982536113
[Unnamed 11360],,11360,295d154c25722aac781f9294235e4c2e
ぱっつんロング,Blunt Fringe Long Hair,11370,5fb6028884a084b57efd680577a00307,59e69dea806e51418922bb6031d6a900,90e1afea9758e1f058cc42a0dfb8ebb4
[Unnamed 11380],,11380,8866923f2b2b375d551e9adf6c32ab32
[Unnamed 11390],,11390,1de9e35e9b94c3f9b66cdf2a1952484f
アップスタイルポニー,Full Ponytail,11400,208ca9929b633a1480ce9532bbc96c8c,c207ada98bd92f50af4197b20067a201,7912693e91111f64d2955b5ed012bd6f
イリヤストレート,,11410,59ef64864c7472921febce2a961c8a38, (Not found)
目隠しポニーテール,Side Fringe Ponytail,11420,ca5cbccfc2bf65bda669d5c32202da4b,545d4ac6502b2fbce1ed925cac147faa,dd5652b6f12126a5d35afa18858e1246
凛ツーサイドアップ,,11430,af929ea5c41c47aa902afe7a56bc5e45, (Not found)
セイバーアップスタイル,,11440,63b67c1da079086628cc79c414d89bcf, (Not found)
ハーフサイドアップ,Half Side Updo,11450,31b87660320cf8ef6153cc73e273d764,ef0a56372e478a1ed8f6c466a67c9844
編みこみロングストレート,Braided Long Straight Hair,11460,8d2d747fd89a222988c74238bc93b5a0,d5123ca2447a608c034076e2c674bd53
深め段カットロング,Deep-Layered Long Hair,11470,8e28968d18a8334ada5e218359699ba2,9e262fda04ead3a1e95563e955dde5fa,e68c4373dc25aaaba209f21a23697b45
[Unnamed 11480],,11480,2bf0b739bd23bfb90ab9ea21a5640e4e, (Not found)
細おさげヘアー,Thin Braids,11490,a4a0fd9a210a84b836bd2c1cd107698f,4db4a1ed4212cf91deea99e7c92577d5,40e7417e42b1f880fa6f563f3bdd8514
[Unnamed 11500],,11500,d37374e214a4004860b6bcfaa74b8f97, (Not found)
[Unnamed 11510],,11510,2e700c5685d1427675b4aaf9648378a1, (Not found)
[Unnamed 11520],,11520,054cdb272071eb2ff1906e85c3095d02, (Not found)
お団子風ヘアー,Odango Style Hair,11530,c10850367bc6641e9c1e3093864ebb52,a9ccda76a09512f53b0d8e98d6d5637f,506feced8dc77f4bbbc14735358c36b7
ルフターツインテール,Luchter Pigtails,11540,7ef908bc35c10e4419475072068ee1b7,410194b0a302ae7545f8692dd53d150f
オウガロングヘア,Ogre Long Hair,11560,6341955d54ae2c89d8161a0b0db93af4,1dc36f4743ac73c02043c601425a1722,9fe4ab8e91eb0bdb2c34e861e524edee
オラキオロングヘア,,11570,9c0b4ef4ccb9d5ec7393d1513609eeb2,3284506a5b4e3fdff474d3df2a915663
オラキオショートカット,,11580,9f0e2e0f12c3122bbd2e431e73762361,35c9a157b720a612c16c1fffe01eef85,ccc80877bf4f7596680e0865d8087472
オラキオセミロング,,11590,8cba30ea6fb50ab87391d8c3a7446fab,8234aa890ea9997d71a590808b250adb
ローゼンロングテール２,Rozen Long Pigtails 2,11600,e38b053f4687e8a5d5e620fdfb32ba5f,40dbf2588d505d29bd90826fde62a468
フェイ・イェンヘッド１Ｐ,Fei-Yen Head P1,11610,c3e6326bd5debf2f1740c4a862808224, (Not found)
フェイ・イェンヘッドＤ,Fei-Yen Head D,11611,3457294b4c15d8549c12789ce0792b39, (Not found)
フェイ・イェンヘッドＲ,Fei-Yen Head R,11612,e2dfeb6fe7875da933726607cceb2216, (Not found)
[Unnamed 11620],,11620,ed982136976c58f8969c53b2c598acf2
ミカサショートカット,Mikasa Short Hair,11630,0b90d1031648d5d87ccb8bb09a6df41c,7b7960e4e316dae84d4f524bee57c10e,7dd3b1913b184392868d7a264b1b8f59
キャナリィループテール,Canary Looped Pigtails,11650,0691339235122a82007cd5ef854d0540,43b6b70d610166dbc0d18d753544551a
スクールショートカット,School Short Cut,11660,6870e7d9732897ddc6929666ac4e2148,17be2ae03f0707fa46b8570b63cab03d
中分けハネショート,Symmetrical Winged Short,11670,f7178c60a62875caa86981a0b5b5a7de,2e655b99059c6ca3d47315a0e3aa2722,7bfe906bd3ca0451bf31b227458cd689
ユーノーアップスタイル,Juno Updo,11680,31aa34df7d6604a5af7d2acc7bee953a,418f9f5b9f958487f6adecee8c67bb38
アルティナロング,Altina Long Hair,11690,fa3deacac755f4e91a42eab67d97d6c3,b2b599f17e5294be20c06e7f2818b070
アルティナロング２,Altina Long Hair 2,11691,202c6ca05536b93494968f492f5c8d49,d0f64cdaecfd57032763f023c1948b8b
サクヤロングツイン,Sakuya Long Pigtails,11700,19f84bef2b3a4c1a71c76bc6b4c542df,ca425b3d35097325203b11c2e0a31f8d
アルキュリアロング,Alcuria Long Hair,11710,f51fddf7ef3c687f24a70b274c18ff40,d89074015b01a068cb90e8c0b12388d6
ケルベロスＱポニー,Cerberus Q Ponytail,11720,85c8c6f9c6cbed9aafe060c07fb5611c,24cb73fcaf7fa1b2cbd308fbfd9b81a1
ミスティロングツイン,Misty Long Pigtails,11730,63810458d47f454536ab9b0fdb226c62,c42b5ac17460f54e4b57ebdc2bf47ec0
ミスティロングツイン２,Misty Long Pigtails 2,11731,9e7c7c00a7fee65f00e2962285f9b36e,f620a7460e752f28fba690c5de0f5d48
アクエリアフード,Aquaria Hood,11740,6ff6d6df5ceb66332a85aaf494f928b5,3bcaa97c67788fdf86c3e0de0ec52c74
アリシアバンダナ,Alicia Bandana,11750,8c6389d1e4043c65dd34af9d581f1eef,593b2417205d7f49a3978175324d8310
[Unnamed 11760],,11760,ef441177831950dbf37a97b014b3bcc7
[Unnamed 11761],,11761,8ec6183ac59da570afd0e6a6846054ae, (Not found)
[Unnamed 11762],,11762,e7375d6aa78492e15a7af729a177a297, (Not found)
[Unnamed 11763],,11763,bd2acb3569d79129e58af129e1fbc5f5, (Not found)
ヨシノテフラヘアー,Yoshino Tefura Hair,11770,9cd38826c714e017e1be0c3d258a0598,9c725d94d79ceb2f6264da28129d8f61
[Unnamed 11780],,11780,bceaf53136e9b3da096c58ba440d41ef
うららヘアー,Ulala Hair,11790,47425316c09c727fb48f37f14717ad72,1319eb6b8e7bba5eaff21e93bd4d2264
うららヘアーＢ,Ulala Hair B,11791,f592dada75de568b463620eececa068f,2efe1071402fd10869acdc9be2278501
編みこみハーフアップ,Braided Half Updo,11800,9dcc40fe2ec4e81cec5e6dd7ce513458,767d4ca19ad59ecf7d64c0a5d03935bb
[Unnamed 11801],,11801,769a473f6f015d9e9cbfb6cff7cc2672
巡音ルカ・ヘアー,Megurine Luka Hair,11810,6cd3232ac6f44b48d954828e4207549e,c8613d725b997866b0e35d525619f4f0
ユキヒメショート,Yukihime Short,11820,683ab2ee8e18eb309eb15c66c06b83b8,abf280a512c51cb54c6a42e61b3985a5
[Unnamed 11830],,11830,23f3a29c24f34d481643990d26f44e31
[Unnamed 11831],,11831,0ca13eee6c626b8bfc740bef17190271
鏡音リン・ヘアー,Kagamine Rin Hair,11840,54c20d0b3d2b06be73e30dc1333c04da,0381a16c04dbec3019561179454aae2b
カテドラルヴェール２,Cathedral Veil 2,11850,56662a1833424428d8848cdb728edc3c,eb83bed8ed8663e0900fc6d1c03cd424,e9f535015b974cdab3ac2b44707cc460
アクエリアフード２,Aquaria Hood 2,11860,a7b0929c765114810ddb608ed58c805f,17d748885c33cfe314eafb801d573b9a
[Unnamed 11870],,11870,0a26bda7711dc2ef5f0880beb8ccb34f
アリシアツインテール,Alicia Pigtails,11880,e384bc02c52197f0ecbd4555c858a57b,fd5a2fcecf1187a2fa1e4efad91f3657
[Unnamed 11890],,11890,ae864b6294e32b5ef22411e3538bc2c2
オウカポニー,Ouka Ponytail,11900,fe45317ffacb74779d77c79104d263b2,5691f6713cc849be89008faec18ea7d5,6cb4d844d872d008877f9af51d68c251
初音ミク・ヘアー２,Hatsune Miku Hair 2,12000,900303ee00ae4db23380e5f5462241a1,2a3e3cbc8e0f2c449427fd7d610e29ea
初音ミク・ヘアー３,Hatsune Miku Hair 3,12010,b55fa1b4e01e8efa65b6b34ecb63cbbd,80c88d94cca4fe4fdc643bbd8571c2f5
深雪ロングヘア,Miyuki's Long Hair,12020,aea954c97bb2909c7af4a37f8331647b,e44ed683d6438c4c0a477605f3329de8
うららツインテール,Ulala Pigtails,12030,757958f7a193847038729971e2ebdfc4,82972b5116e3bc76cd0fe64943574b4c
イノセントループテール,Innocent Loop Pigtails,12040,cd755ff5462e5e2293e3699ff55d46fb,34d3213c6edddb5bb47426fef65b1c9d
[Unnamed 12050],,12050,a7e0e62b398341bfc0830c1877e11dc5
ウタヒメポニーテール,Diva Ponytail,12051,409f35485c1dc12a9e3025b9c25988d4,c21f3170619af4697aa0208cd42935f9
[Unnamed 12060],,12060,b574b3d458195f44be9c5810a838fb51
シズメミズラ,Shizume Mizura,12070,cc5afe53b0f77ec9842f096d2fd64226,92a887fc30409fb5f0856cd84c315d0e,941c49b4fb6a7c47c1070c454ef24230
ディーラーテール,Dealer Pigtails,12080,a7fb5ba8a35f8bec2e6482526a505c2f,3f2a1ad0560920cf49b2d3a00d01afab
[Unnamed 12090],,12090,341e016214c6806ee5f8846bc3fe1779
イデアツインループ,Idea Twin Loops,12091,57079d52e2e5d630b2ed5ddd9bd86404,0980213ce416c2f9d38670bdaf29dba7
スポーティショートヘア,Sporty Short Hair,12100,5adbc22cb34115db61902391d7debc32,6b1a93ff3b15dd501c141fdc9369aea6,bba6a10d91b293430a2bbf7f9b15173a
ナチュラルミディアム,Natural Medium,12110,c0f0720b86490a28018e11717dcc243d,6dd282a394f4b54e4478f1c1b81dfba1,d25b18500200dbbf04e2f8f41cf3d335
ルウカールヘア,Lou Curled Hair,12120,4adfe31f4a5c7e85d76a68339f7c6424,d97065426530c4e99512e78d55c8c76a
マギアポニー,Magia Ponytail,12130,6ac6c504c7e78472a1dc28ec58c10085,d71907e7186734b30565a41d0b4d1be1,1b7fbbfc047b1db7a9426f5f446cae11
あかりショートヘア,,12140,cad40675c660bbc0c5c11a808f08140e, (Not found)
あかりショートヘア２,,12141,2e88c634e778fdb9acd50a872fc887a3, (Not found)
ちなつツインテール,,12150,d9ac65cae39fc2a538f65610d8349ed0, (Not found)
ミラクるんツインテール,,12151,7f660132599500639b085123d84507fb, (Not found)
京子ロングヘア,,12160,0549636201a2d36741f16113b82f3ee4, (Not found)
結衣ショートヘア,,12170,ede3676c9bccb00315394e21618e2435, (Not found)
クロハーフアップ,,12180,267ef1ecca6a180a0241b56ff5b50b2f, (Not found)
ノーブルポニー,Noble Ponytail,12190,8279578e4225640767633b4708508265,3db69a1e3940fde188244a72c4a78723,533d2a57c3891e67e039565f6d72b750
ドリームキャストヘアー,Dreamcast Hair,12200,9822e4027a11142e0c089b38d3988e03, (Not found)
シャープラージテール,Sharp Large Pigtails,12210,499fa12617ab686163d7eaea693e06a9,402c2cb85e288962e5fe0485b4b48e8a
シャープセミロング,Sharp Semi-Long Hair,12211,5de25a3df91100eee11fac0de0e61621,a00c200d2c3b9478f85d34be4c95a900
[Unnamed 12212],,12212,0c19bf3753b2d01d774f109e57661df7, (Not found)
シャープアナザーロング,Sharp Another Long Hair,12213,01b9f7469bac93773f91ffb2968cad65,8e5e55e6156ae14cb1f5d25a3fa94ac7,e2f6c21d387ec586740aad95e496b859
エターナル外ハネセミロング,Eternal Winged Semi-Long Hair,12214,fff5d9540c12e2c188556919493916a8,00db2ea6c57a57cd9ee9cbe1ddaaa769,4dcb982f07e8d1830c8668fd4623bad1
ルティナヘアー,Lutina Hair,12220,8fc017f55ff29d3a533b9db3cfe95504,1761ccffd018ed6930e2e304bd9a2f0d,c2cb06ddf9c905359eb492dbe7069e7c
[Unnamed 12230],,12230,f194d963b748c096a0170af8fc2692ea, (Not found)
アシメセミロング,Off-Center Semi-Long Hair,12231,31b1cf4d0421e97c718da97ff3a70189,98f773235b12949ef1bb51a0ba2a48c2,30d802e19e4d4495f623d84c1d7bfdaf
[Unnamed 12232],,12232,5d6a14c0f5937145bf5a569a8a5af343, (Not found)
アシメアナザーロング,Off-Center Another Long Hair,12233,bb962807d8932844844e3f348bebb728,4b9781973c47274304ab8beb5df69056,6eba5885982362ce275551f701a688b2
外ハネアシメ,Off-Center Winged,12234,365a1ff6bc9371899462ff4cb3070801,bcae6593962ff194acfbd135c7e09b34,a35a2a984080a15b7a39304dc9530c97
目隠しラージテール,Side Fringe Large Pigtails,12240,e1a2695ab6d7ff97f78d2788c154410d,351196ad86b4b91b5c7f39103cd6d40b,6a231dc63a4c03a951b506dea5f6df86
[Unnamed 12241],,12241,3d4a41529836b681b49f0ddb3659a47b, (Not found)
目隠しロングツインテール,Side Fringe Long Pigtails,12242,1762e582c3df410be58ecb07af942db8,f39c16bca4986010bafa2ec2890c43bd
目隠しアナザーロング,Blindfold Long Hair Alt,12243,bc2acc48ae585e29821f6e3aa7ec17c1,1939782bc88b1e55f8e1d65e84262a80,2faa6538ba72260e6b2f7f0ab5e8de2b
目隠し外ハネセミロング,Side Fringe Semi-Long,12244,886d981e2baefdc3262745b185227a8e,98c0be3c6d604c6cfd1e9622fb4a7a85,3b345a51ea06fa5c13c441be71b7b95c
[Unnamed 12250],,12250,8ca36ff3930e740abab35b119c6a4bea, (Not found)
[Unnamed 12251],,12251,ac2470519768353680c169edce97f0ca, (Not found)
[Unnamed 12252],,12252,1620a64afd7714f352f2728e77d37ddf, (Not found)
流し前髪アナザーロング,Side-Swept Bangs: Long,12253,8fc31e4160a0fc840854945ed237100f,f5dbafb2166cddfb5feeb801309d58a3,e0f9096098d49f0b8201f8b4af8b78b9
[Unnamed 12254],,12254,ca475aa2a8931e627245f19a3c6dbbf7, (Not found)
雪ロングヘア,Yuki Long Hair,12260,bb1c61994d9692e51f6fb6f80920cd79,9fbe294364c76dcbddb709239a571c88
玲ショートヘア,Akira Short Hair,12270,24a735eebe76a69f041755cd77e90111,4e3d6d22829e3fdc691c853e3fca2336
カレンカールロング,,12280,4f402fa66ba7be590643164e3c67547e, (Not found)
バゼットショートスタイル,,12290,8bf6e4d8fd4d09795eda20a705be78e7, (Not found),bcaadfd9f91c8d60c0fbcfa02080669e
セイバーオルタアップ,,12300,354b0809d391335045e9808c84480bda, (Not found)
[Unnamed 12310],,12310,c617819e3a1f26ac9011f14688fe4515
スズナロング,Daybreak Long Hair,12320,9419b3b36b26638edcf435047f029122,fbe609ec10b9cd4ef5d00c3d4ae4f9a2,25cf27a2fb974ff1f74a6fbbb75d2dd1
ナギサロング,Nagisa Long Hair,12330,b56b13254931a0e3081cd805584af246,99a1b106c92b73df110afcd877bde6d3,42bda000dbc505c3f7fcf828d4d05119
[Unnamed 12331],,12331,d4b529df5d224b9906f7c5abb4eba044
タオルターバン,Towel Turban,12340,3b98c571dc3fe3f9df6aa25dd82e739c,050717b7b04a1b33348be8cc43a52554,4da20eed7ca36422627346877cb2faf3
咎人ポニーテール,,12350,3e643476c58a640c9098a6a6c8d6179e, (Not found)
スクナヒメポニー,Sukunahime Ponytail,12360,4fb159ef5e7da474f6ceda289af3a9f8,b23227317daefcfec315bee6e4116228
ライラポニーテール,,12370,709024f814c59137bed2e0167bcac952, (Not found)
ロゼセミロング,,12380,f420e9a06d8a72cadc8f8b2721b5a409, (Not found)
ハーフアップルーズポニー,Half-Up Loose Ponytail,12390,f9cdfd60be2afd56df5b076e34408710,aed1368dd93b0fbebf9412deb1f15b20
メリーツインテール,Merry Pigtails,12400,463abe4e41446e06c46694cf9dde669f,fe98b94d24fe6e97981d7910e130353d
ラフツインテールＧＶ,Rough Pigtails GV,12410,10a8cf3c4735b45e094b0a0ee12d2513,7d70fd8f4e6baeba4ef6858884b2bb9e
伊達兵庫,Date-Hyogo,12420,89d9ddb88745be368bed615d604e70da,8b4aeed96911c7c64c45ac99f1219328
ツインシニヨン,Twin Buns,12430,5959f4eac2637304513bcef2a1a3682e,35d832bbfe598f546da5380ecc5d56c9
キジカヘアー,Kizika Hair,12440,1d65da89e5ae1cbc3147e04ffc7ef79d,6ae4a37378db02fa9308a589e96685d5
[Unnamed 12441],,12441,6b53ed9aabbc7532fd9b6243fbef3b7d
ローゼンロングテールＧＶ,Rozen Long Pigtails GV,12450,fe254a0e94e657b8879513dece29b8b8,52c6c497d977804bb89252bbb522f74f
クララヘアー,Clara Hair,12460,00eb72924ef06428b54636eb82160aba,c7f04f2f98ba9a5328d65da66076549e
[Unnamed 12461],,12461,93cc0870e8bbf433d91c79c6c948da6d
肩垂らしロングウェーブ,Shoulder Long Wavy Hair,12470,dc8ccdeab85bd82f4d4ca8c4b7739e01,f55469e6add3968e6c3aa6bdf52abd20,42aded286e08ac6099fcacd28f6dbbde
パッショントップリボン,Passion Top Ribbon,12480,e06c94cca6dc4c1b78a1b9d522d6ba4b,47f66cffaec8337666c375601c027c88
キリカポニーテール,Kirika Ponytail,12490,2a30328ffe978bb1ee477d617a150a97,c1a107e820e846b14a4545c841b98dd5
ソニアロングヘア,Sonia Long Hair,12500,367661a515f8a3422268b5671ef77e50,794d79c3d55f4c586f51484e6286b87c
ソニアロングヘア２,Sonia Long Hair 2,12501,7006739b92f7ebff45fe69db99f5bbc2,a9436157b4b2f326868845a2909719d9
エクセラロングツイン,Excella Long Pigtails,12510,24883819e5836add9cf121f1fbe437d3,36d0878db7da7de071be59449437d3a5
マリオンヘア,Marion Hair,12520,0b5cdab7a20e887b237318bd1aaceb4b,bb0363f3d510ce234cab3a5ff802eb08,26399f3feae6e385a220f2087656824c
リンナロングツイン,Rinna Long Pigtails,12530,0471fd4233de37a98a9f69ad97eb3fda,cab12c38e2573d316402dc1f057e17d7
美遊ツインテール,,12540,ac89bfb9a562051ae73ad9367fd1bda7, (Not found)
ルヴィアロングヘア,,12560,468eaff544ca63c750019cdc12c2a5ae, (Not found)
ぱっつんボブカット,Blunt Fringe Bob,12570,2f5f30d31b35c59fd627d9ece587c13a,11044410b11523649f82d83543bc7880
イザヨイポニー,Izayoi Ponytail,12580,890fab9499f408af667c5c7508885958,97d966966bfc15a20f396facb2c962f3
モモーイヘアー,Momoi Hair,12590,1c7f2f1df4a1c40ea836029c58a94068,5bfe20b098249a294979559dd584af19
[Unnamed 12591],,12591,56c5713a8641e5e0d20af1c6dd75f524
エンジェランヘッド１Ｐ,Angelan Head P1,12600,ce9259862059ce50dc47cbb8e90dffcd, (Not found)
エンジェランヘッドＤ,Angelan Head D,12601,6a03aff009d926fbaf211ebcb1e98f57, (Not found)
エンジェランヘッドＲ,Angelan Head R,12602,98797356693066f6a854a074a3f667c6, (Not found)
,Angelan Head Heal P1,12610,2d40d7b5c202caf2407f9185a43825da, (Not found)
,Angelan Head Heal D,12611,a1a40032fba66076edc2c93788e98da3, (Not found)
,Angelan Head Heal R,12612,a54eb405ff05b787e5cfda12affbc4be, (Not found)
フェイ・イェンヘッドＢＨ,Fei-Yen Head BH,12620,4953ff177db630585a69dee234b3e7e8, (Not found)
ノエルロングヘア,Noel Long Hair,12630,dca2c59afab2a1b694bd37db106513ce,4eb6cd5c30a1a13745d186c0ba94f38a
[Unnamed 12640],,12640,62c641a3d041551127b181009cc281ec
流しショートボブ,Side-Swept Short Bob,12641,cc581f604a841ce9bb242d02358f1a11,80e5a26a7203ad5ba6cadd3e32776de6,6dd04ac7fcbc1157cc45b64e2197037f
トロピカルツインテール,Tropical Pigtails,12650,7a2f06df94c5c138dadcc1f70998d4ed,1968b2689604c332841b51ee543dac3b
シオンロング,Xion Long Hair,12660,f0b86c4de1797a91fcbf336f4d4b897f,4641effcfd8a922ce5a57e4f89a3fb86,83cdb02a68d38becbe7ca7709f7b48cc
スポーティーＳヘアＧＶ,Sporty Short Hair GV,12670,115bf6abd9b8df64a418048b1052261e,87c92c6d04237e15687b8fc667aac9c0,24f94d4959445a8409a82af17d6202dd
[Unnamed 12680],,12680,ca7dcde15b2c485d18edd373d31b2d79
[Unnamed 12681],,12681,bf9f9b6431003c760a22f882546e435b
オタクスタイルヘアー,Otaku Style Hair,12690,85c753305d5e9a22d2258f516a211757,e1ed30786eca25a13643ecd688fdc34a
ルシェスタイルヘアー,Lucier Style Hair,12700,b7c9c6481f63d505494d5b762520306d,0616a950e534e04d99520c7df9d32dca
ルシェスタイルヘアー２,Lucier Style Hair 2,12701,96d3ef5b77d198bf3200f0a769ea2725,2ff8098aed0d51485a3ec926f5507cee
エルフェルトヘアー,Elphelt Hair,12710,a5233e359d61e1300c93366b51ef11dd,24dc7cddeb26515d1498ed91d5760287
ミリアヘアー,Millia Hair,12720,00590bcadfcece582e47ebd4235e14f4,e190cf07a585d77f7aeed7c9bab80a8d
ミリアアサルトヘアー,Millia Assault Hair,12730,653b827778a3d985639ef7d4e3badbf1,35d04ba3faff888505be12f63ad8b565
メイヘアー,May Hair,12740,8e30e67480efd3a8c820ee7ab0d27712,dd82fde809352b1bf474356ade1451ca
ミューロングヘア,Mu Long Hair,12750,720f35c36de48d484d228e46b3be3317,f235f608a2e4527b6a397354392d65a9
エルナヘアー,,12760,3925421bd31b51b708f94116d7e8a724, (Not found)
アイエフヘアー,,12770,86cf0e6b196636345b327805012ecbb2, (Not found),3d2963925fe2016897c5996421b94af5
[Unnamed 12780],,12780,0bcabb74eb500c58184d8b960a790951
うずめヘアー,,12790,77cfc36ab8ac386dcbb0e2361872e986, (Not found),fc8647159d9020b046176504275d4f0b
パープルハートヘアー２,,12800,9d04ba0e1e7f26a605eca6466bbc5766, (Not found)
パープルハートヘアー,,12801,72b75ab5c55f8a178c23e96ac7a33c45, (Not found)
シオンアップ,Xion Updo,12810,f674860ca24922a8d306add2e53a50dc,afa83ebd20a56363561c71eba80d8aa2,0e8f2efd3cc9bf245fed5088f965cb1d
[Unnamed 12820],,12820,6fd2c1eaf0d2c7224e4a11cbc398cc7c
テンプルスタイルヘアー,Temple Style Hair,12830,edc8fd2693779b511180d4ae9d2feb52,e5beb4ededf0353eda1d03f3b2d699a4,064c04a1ec93d71f5eac5b4341e4afaa
テンプルスタイルヘアー２,Temple Style Hair 2,12831,b0cde83f5041c6067a7aed9765a46bc1,e18b3b58a2be51b4926ea6375bb55f06,4bf604fa40c278013ddee77816968bc7
ミスティックＳヘアー,Mystic Style Hair,12840,2dbae204e6608d576259e6e0f473c4c1,ae8cf0b46af6768a1680a6052d6ef61b,6040566ce5c28cc3c27315f11077d1a7
ミスティックＳヘアー２,Mystic Style Hair 2,12841,538f5c7d5565b9992da76ce2f51b0317,8a35f9dcade3f665da0866b901eac8c8,c1b6e28d69fbd6855faa6234bc0fe2db
レイキャシールヘッド,RAcaseal Head,12850,54fef04348f5201f89ee27a792527e7c,9ec4d0c58867fdb94fe8589b4c11ac35
[Unnamed 12860],,12860,86d8fde03bd4bd94a1daf585655d2a13
ルーシィツインテール,,12870,582b6f490d1c0be28c363741ec4093e9, (Not found)
ウェンディツインテール,,12880,dbbf1773ac3d3c8b2c2a8b7f43665a71, (Not found)
スチューデントＳショート,Student Style Short,12890,b57fe34f68ebcc8f4c90845252b9288c,e329796244dbc3c7cabda260308bb21a,aaeeea6aad6b7bd35fd2858f70e349b6
リコヘアー,Rico Hair,12900,fb922b255c6460fd57aadcd65c89a116,d5acfc7c6c464c25a6761d2338d0c8e3,f7e75a414f1f79fdd187889f25854f3e
エルザロングヘア,,12910,4a26b45ab5a7b242d7e11a9de82b0c80, (Not found)
ヒューキャシールヘッド,HUcaseal Head,12920,7db211530cb28f6d432d295f7c1973b8,94691bdde757ca2fedef2d33355cb4c1
ウタヒメポニーテール２,Diva Ponytail 2,12930,9c769e85a7bd007061970fdb15c35813,7c9c766dd329a02b03bb037a0ff22200
アウロラロングヘア,Aurora Long Hair,12940,8e2647058623afc6f3ea5878dbc1a9da,4a0b60250984691d38b49afe44588303
[Unnamed 12949],,12949,844648320fb9e360b0536c8235dd342d
前分けツインテールＧＶ,Parted Pigtails GV,12950,d9091400c1d24dbcf5170c1ea795aae4,11fa723835c2089bfc8d32699876d4b7,bdda87ab6feb63d7e433f75db7abfe47
[Unnamed 12951],,12951,fae9cd900901f5bba8c2426b8e89e4af
ポリタンフード,,12960,a52620820cd0cac316b97523dce8ff35, (Not found),ad62d44bbd8dba3769f95695acc29171
天原日姫髪,Heavenshine Hairstyle,12970,231e5a63631914b5d67d600cb4581daa,10dff70743522df3dc5068b4eef35f7f
アリアツインテール,,12980,05f2d4eb5e21be0b91a4318edd14aef1, (Not found)
あかりツインテール,,12990,6ed2aba82fe8032d9e855c4f1829b416, (Not found)
ラウラポニーテール,,13000,59c2222add95746f9e5c9ff42c6ace65, (Not found)
アリサロングヘア,,13010,68d294941898f8d1791103771fb093dd, (Not found)
フィーショートヘア,,13020,3609995af2360c23ce0c19dd000e05cd, (Not found)
[Unnamed 13030],,13030,f4559592e97c5119fba186ef6cfc9956
コオリロングヘア,Kohri Long Hair,13031,e0603b718869ebf1d5d3b123ba2a33d7,ab812704528408c6524cf8f5088b3a0b,71202d4dabf1d954b7b6973854153aa1
[Unnamed 13040],,13040,aaac76264f28e06fb72c0fbc7206d6d6
ヒツギポニーテール,Hitsugi Ponytail,13041,33e408c39ab32f56816ed5c27ba00fdf,dd6fcdc93d741cee1654f324291d2a71,49a9009a3a6882dbbafc1db701a6b0b3
セラフィーヌポニーテール,,13050,3345b573b5c0a6a48475b1fcde31f113, (Not found)
ウサリアショートヘア,,13060,a3e6afc73006ac1f7beae525107c33ee, (Not found)
[Unnamed 13070],,13070,7687094a0ec20672179d44cbc6036b6e
フロンティアツインテール,Frontier Pigtails,13080,5fa3d7e4fca941edf899f0215f0b3880,70493f6efbf69f9ceeb0cb2fbbaea25a
流しベリーショート,Side-Swept Pixie Cut,13090,d3545488eead89469f43a8b9e0793bef,6d4882706e16e94d2ed8fc205c9cfec2,068e695d1b61a9a1929996121c21c66d
ツインシニヨンロール,Twin Bun Rolls,13100,02a28023527dab525428ba043a3fbe25,25b8e0adf14abdcfc36c7fdbd1e9984b
ゆるふわツインテール,Easygoing Pigtails,13110,13d5bb455a6ebb91ca6d8b8c5a239f8c,38f34231e4c7e76629345c3242b213c7
[Unnamed 13120],,13120,d14f187edf941fa5a14bb6523287d548
目隠しショートボブ,Side Fringe Short Bob,13121,4546917e039f04c9b05cfb7c4ade4767,0a0d9778d1a07b4e93c9861c3981bd73,7983f839b8f1c5d7f5f77ebfadd62752
[Unnamed 13130],,13130,261ab6b2d34a76f977079bfb7cf1cd6f
カフェコックポニー,Cafe Chef Ponytail,13131,5a1e054af6d06c537f672c20cd3275e6,e69ebadefced2bbe35fc8e1cb41d17c8,62a315ee9a2774542f71fa6832df6761
[Unnamed 13140],,13140,2344e240a81107af0c5045bedbaaa487
リナヘアー,Rina Cut,13150,fdfbde040a7bc7634a2b3110141d37b2,a50a705e4ba3ed3f3ed91a6450a49437,993f93b8be7344c70f1e409b7509ca63
スイートベアッドヘアー,Sweet Beary Hair,13160,2ffb66d235c9e3adcd9d9000809ea178,d6c75e0b89a557dc8d833c84933e99f8
スイートベアッドヘアー２,Sweet Beary Hair 2,13161,03dae4596a9154cdc80d9a143cbde9f6,610e63634ec3ef0e57ceb456a0783874
クラリスクレイスヘアー,Klariskrays Hair,13170,3727b7ec0ac53dbe9fe5d25972c93490,a0bf298009006b2edf1dbf5bf518706a,694af534169e35dd121a5cf4dc9ce026
クラリスクレイスヘアー２,Klariskrays Hair 2,13171,a9559ea004f881475d157eac636bfb64,9ddba50445b917bb6a0329506cdcc74b,7260bafb5d8d3fd05f164a65833cb06d
[Unnamed 13179],,13179,756bcda5f350ac9047a701fe7486c082
サラヘアー,Sarah Hair,13180,66a4b8c7700d9dffc175c8c52be8fa28,07b01406e3609f3a69861ed2fd546f2e,7d59efee1f23986acf736b5e3a8c458c
[Unnamed 13189],,13189,e6b23b13335901552390a4bb073c6ad7
ユクリータショート,Euclyta Short,13190,1b1d48decdbf97d0b8d595884745006c,e3884593f578af18ae8aabad20d3d47b,15aa0c7dddbfb6f0b463724583632b4e
パニスセミロング２,Panis Semi-Long Hair 2,13200,44d73cdf204cdf267e4273edcf8fbcc7,f1909f7fde01360d6507083533630761
[Unnamed 13210],,13210,286ac503de0ec587fd22b882a21311e6
ジェネツインテール,Gené Pigtails,13211,414b7ad653edc9fb19eb0393892d97b2,9faac683d080c127f3daec287ebb4458
[Unnamed 13220],,13220,dd4854b9cbf70ce48707ff427d01fab5
[Unnamed 13221],,13221,5f2c222870f55376c034db64db837978, (Not found)
[Unnamed 13230],,13230,cb072a5fde97f341dce4d8c5a2df0005
ヒツギポニーテール２,Hitsugi Ponytail 2,13231,bc65c9c15ff638d21b303c02f4792e15,4312bdb303aa4210afd9b4f6b56eb702,4060aee2b619f8b40f269707dbed3eef
ロングサイドポニー,Long Side Ponytail,13240,8a0209d68a894684d1c50f6138e72dc2,b11ed67da5d8d684a8b3af0eeebc8db9
[Unnamed 13250],,13250,c52e427d89b0eda292968a7543e1f31f
リナヘアー２,Rina Hair 2,13260,d664a062e21ba53f024bc469eb52cc57,8afaba989e2b77c0b4f65f09dace5181,76c3ee786b73bc13a6bbcb85897eaffe
編みこみツインテール,Braided Pigtails,13270,0e738a30bf5cc2538aff1adbeaef2dd2,cc3d2a98e82e568e3edf19788533a816,43472a2970f24898a8740df0206a0945
[Unnamed 13280],,13280,22605cfb67d933c7250df5b6ba444ffd
セミロングウェーブ,Wavy Semi-Long Hair,13290,8506b22ad2897c4af481cf21cf6ffbb0,db76e335b392cd8a64f7614a307b9ce1,5af9aa71c24ab403de12499165b7e165
ミコッテＦ・ヘアー,Miqo'te F Hair,13300,642f77bf28b4f904cf517d0de55739c5, (Not found)
前下りショートボブ,Inverted Short Bob,13310,70222fe7f5a41d12e7a3e0a4553bf1a6,7a229dea05cb0909f98199835f8572c1,3ac097358e88369b93f22e3edb105881
肩垂らしサイドポニー,Shoulder Side Ponytail,13320,7f4abd1d8136a643c2fb3ad1d6b0368e,f22aa909b118bca922b66644969c225b
前さがりボブ,Inverted Bob,13330,bdf28e896f0bb00f24e24b189714a7c0,12a7fa00208d7176cb04aa451cebe6b2,051f72a0aedc6e9d155be901fa490f76
[Unnamed 13349],,13349,1813a3c5a11706637e6835758394d237
リーヴァヘアー,Reaver Hair,13350,8f680c1a5ce1080622c13df107912af3,d57ad82d12950617aa71468f6f27780a,ddb7bc79d5b329e1ab95250c3c45898f
アイカヘアー,Aika Hair,13360,24f93aa0d376c117d2121aea202128ae,b524148f8202ad3903ad946bdb4095b4,16c869f7515fd6f96f9dc06feedd2776
ミカヘアー,Mika Hair,13370,99d17919e8ca0c30734bc7c697b24932,2556bf82be7e26c7b33265caca07af9f,c36265a08a728441acddf917803a11cf
さくらヘアー,Sakura Hair,13380,8a3b2bebda0e0c2a9a7e03a811101897,4150a0957f33044e6eca884f50fac108
ＲＩＮＡヘアー,RINA Hair,13390,b04baa92b55098473d899485133d8bd9,ba257b6ca41aaeeafb3e0d5b8353ec23,d41afc1efa23e7b0c8d1fb0be3627891
[Unnamed 13399],,13399,8d71efea564186c06aae2f18b39edb17
[Unnamed 13400],,13400,afe58904880859f80b1de07fd05567fe
前分けポニーテール,Parted Ponytail,13410,172ba2c6ff3af0489696cf0f1245cdcc,3faba9ef0f36a7c514afa7b598959d39,1509124bb69e14cb7f6e89a2befe3c98
エレガントシニヨン,Elegant Bun,13420,5f2c7b6916c634b7ae96f5d8609fbe87,e511f73f2223ca4fc19e9f3349dac690,755f02923cada5ede8c3600335553214
ショートサイドテール,Short Side Ponytail,13430,991554c568a8eb9f15cfdc7e9005a20b,472699192ab47682c24e11afb0ca9ce3,67fcf094d42af62758641ed331ee3bc2
[Unnamed 13440],,13440,cd62ed235f0f7f84785bdb95ff569199
カブキロングヘア,Kabuki Long Hair,13450,95784e6ccc55e0175767bdbf2489260a,a8e9eb626b127c1890bcf12d5e286e8a,5eedfdcf9d2f57ef5f7941eb8c45c8fc
[Unnamed 13469],,13469,3b9765b73f82eea1257a7275322a71a0
[Unnamed 13479],,13479,b3920e6fa03242625f82a9e4be87b7dc
編みこみハーフアップボブ,Braided Half-Up Bob,13480,034052cd4cf22307fb1876fdd62ffdc2,3879d4f90d39bde483f07752f4080c99,3f37109fb4f369064c9d89259c615eff
[Unnamed 13499],,13499,6ff1d67c4e12cb02f68cf79bc7fd24d8
[Unnamed 13500],,13500,f5a520b3d74ce4f661a603d0631f9940
[Unnamed 13509],,13509,28a2fa1f0c4e43af95682febcf6c731a
【若人】ヘアー,[Apprentice] Hair,13510,bf93c1daf4ee6276c6d8bea871c1c5ad,7db8f4fa0e0d7eabfaba98163d9456cf,11efec1cd35d1997045227953b5da0e8
ウェーブポニーテール,Wavy Ponytail,13520,7aa7f815ce6b032d5b0ecdf5dd9606d6,847c10378c91637ac80a886fea7d1019,ca3290bb139268397818f25c87d77129
[Unnamed 13529],,13529,6c54555e60aa182958096639e2ed9829
ノーヴィミディアムヘア,Novi Medium Hair,13530,429006fe0215b21400296d0f33e31e68,05f4447f2f245c9e6e2c8912d121ddf2,1406ef0938d54e185185efb8cffb0ac8
[Unnamed 13540],,13540,e15a85a1d9d3cd6f8c4358ac7eb25938, (Not found)
[Unnamed 13549],,13549,c69aadb8a74002527e72fd4a80438ec2
ウェーブツーサイドアップ,Wavy Half-Up Pigtails,13550,27ab882da9d2c0dfd6d049c7dd1a3530,a95236b0e704a2365a1f1e38f0e83532,98746bc9b2568e968d01296038bb937a
カレンヘアー,Karen Hair,13560,74e554f6ba9a1056f609aeaa3df45e57,911a00e0278fbdd2fca5e83ba0860c07,f52c940bed7cf9661066226275098304
ミレイヘアー,Mirei Hair,13570,ecc37caa72fa98e69e620057bd36ce90,564719f0f192b858ec7c992f4e1244a3,1580c7473a434f710933490598f8ab6c
リナヘアー３,Rina Hair 3,13580,4fb43aced12e786deb5cd9cb84ee9398,9abb23c26a0a7e159eb03875cf779ab9,90e8a9c6d8b3df1cace970bea0e7206c
アイカヘアー２,Aika Hair 2,13590,4ba070c4201a0880c01079618683c526,03c97bdbe4140694f15b01026e20aee2,5e3fbff481ecd67c6469ac61e56d8764
シルバＲヘアー,Silva R Hair,13600,e82c2de9e15f9356396745f09263f45f,a2bc9ddee3a394221f2fb8f5b66dd473,c8c1f339bc1a3d824a9ab56320cc1a93
ネコミミボブ,Cat Ears Bob,13610,aa531f1633e52e38d468becd89816740,0181b75d83ce3b20d4c03fd070f33bc4,102fdbe0fc52942fd40eb3820591c877
アイカヘアーＧＶ,Aika Hair GV,13620,d3ae4db69acde549cb938d06f2a5a962,57c8c39d4c0998d49c896d7b642dbe7e,337f7e4a53d04dbb7358fe5d76becf6f
ラフ三つ編みロング,Long Rough Braids,13630,f1ad78d233a40031d1b0ea4a196a2ed7,f67514b13d991f2fc0f9954f5a5770e1,d9c2d64a00cbf4eaab138b74c8dfffdd
トロピカルツインテール２,Tropical Pigtails 2,13640,dc44e2fdb4892bd5ac39eeacd22ec103,1832f49ae0b67983cc5a9cd55f6c1aba
カンナギムスビ,Kannagi Hairstyle,13650,135003da5c35845d7d1b8e40129ca21b,5ec16fc205f4c577ef69055a9ad76d90,dd7720f92753dfa21a619b95797ea816
[Unnamed 13669],,13669,a30787457e428458135e15567390007f
歌姫アーサーヘアー,,13670,3abc49addf63959f9da442270eb117a8, (Not found),34e33c9ff97e768e7ba5d4bcf0d363c2
ニムエヘアー,,13680,beeadeccb2f40cbee782c907b882c286, (Not found),1d9702868da5161828306d9bf596019e
メルレットヘアー,Merlett Hair,13690,ab7212f23ab4fbd77891c790d5567af5,810d58d6398a0798c27032394a20e5ab,ae13a5de5e880d94edf9cffdb0e07eff
ディーラーテールＧＶ,Dealer Pigtails GV,13700,584b75a949237f04272d0431a6d9c6b9,29ae221cd26e434ce91cf20d684d0ab5,cd42ca31527694ca60103e114665ed83
エターナルＦレイヤーＧＶ,Eternal Form Layered GV,13710,b650943a37942c3a8059c7e7341aaf07,12345e45a656c1ce834c1fe0bb372c29,7e7ac4de3d46a91f99be72b2cb797924
髪留めアシメショート,Hairclip Off-Center Short,13720,52d57e350b0ce4a41f02450a75157f3e,a2493b191156505e21d554303d24eb30,10b4c3ee9c355011f98da9f7fe31245d
目隠しウェーブアップ,Side Fringe Wavy Updo,13730,e720adfb6ee26d682ef729caafb3b2d6,accdced4bab70a5a9db6abfc60d1f990,b675b903155a919621abdd2cf404c50c
リブルヘアー,Libre Hair,13740,154e1db66c1e3bf01d74a68ec841a997,b8489ee1e77a343aa260053670d3d8d5,86e7f30bea895dc4ec99ff52e9b5e1cc
ハローゼヘアー,Hallows Hair,13750,3915d01acebce4ad37e88c442d172a76,d9e236c596bdfeb75e9fef412a20e198,dbe888ccbc03c2e3ff382cfdad7556a6
[Unnamed 13769],,13769,5d9ec15b46fdb87f04f600236af9466a
盗賊アーサーヘアー,,13770,4f63b43950176e72c944cbbbe8074574, (Not found),9e1e9f0488cfb3b8314d2fc84443b18f
クロウヘアー,,13780,85ec3cd17fcedd989ba02c97b7a05206, (Not found),eb1f3c64422fc4bac229cf72a695a62a
キトゥンヘアー,,13790,52b78c789b646027e34a091c899ad10e, (Not found),47ee6230ec77d5270b6cd687bb894411
ヴィヴィアンヘアー,Vivienne Hair,13800,7b0efeacb31765af3c082dc563bcbc58,ae0965a51fcb2b39a2fbf51420bceb25,1a21152ee777fb1959f618c841b90880
[Unnamed 13809],,13809,22ed4954c7c64d5b08b5aa820f86bd5d
シャイニーヘアー,Shiny Hair,13810,66a575ad4de8cd2d9c9b22c24c2a2372,b39c39c463e6a72ce9ad055ff84f9eda,266ec11d300e05d4add62f06d8678eab
ファレグヘアー,Phaleg Hair,13820,cd899287804d3c08e620a3dfd30b051e,d68c6bfe4ab37e4faa64ee03beda52a7,23aafc089d8c17cb403771e5cd1a8de3
高巻杏ヘアー,Ann Takamaki Hair,13830,5b0eedc0633e6b81e0b7eb8351c5a47e,988cfadcb32a780057c235b9e9fe0e7d,848f2a064973fca547f96f9617c07154
ヘルガヘアー,Helga Hair,13840,ecc28165727ab2f065cb46b64a6fe71a,7a331eb63428e9c4d67117d0724256cf,16e0a92fd7b95beff5bfa6f35e54b08a
アネットヘアー,Annette Hair,13850,d1ada70f563009e86021e97e05daef6f,c03978918a783b24bff4753de925102d,2f0f722ef886eb311d22cf85fcf6223f
[Unnamed 13859],,13859,4e59a2da69e559fd5763fbe6f3a4005c
佐倉双葉ヘアー,Futaba Sakura Hair,13860,068078e0e44f75d20ecdd91d3822b865,85a9c8a1b7cb834c0ae93d11fd822a16,db3ed22cebaeb206048a3185cf6bb04a
[Unnamed 13879],,13879,ecf33110d3d062d381d312d933767707
ライアヘアー,Laia Hair,13880,1cdcab89e9d528326141ba62ecfdedcf,41dcb40eba04c85d1fff134a71352fcd,6204db0e096f9f4620c56864c12eef8c
[Unnamed 13889],,13889,dab054abdcc42d38d33b391f8bcf6432
新島真ヘアー,Makoto Niijima Hair,13890,c4ce9b6964a76f33bf2c6b0d58efbc86,f62d8301e2dc7f7b4d8b5b014a89e38c,9f673a162ef14c6db5c93c7fa5195f45
ウェーブツインテール,Wavy Pigtails,13900,abae71890d65fea116f92f4690321715,a2c3706574e23f509f96a67ba182b7c6,a811b64bbf88062061f9bf5195203a2a
タウリアヘアー,Taulia Hair,13910,b023f915b209e17df93142ebb7f41760,8982426596bbf8e25393bb73973b7caa,d6e11d114d14cba562245ede369bd920
ドラウリアヘアー,Draulia Hair,13920,c305d527dd388db61b638d105c8c17ae,9ceac44bbf0e675d029e331829c82d13,e67cd6f92918c4a048ef58dcd09fad69
ヨシノテフラヘアー２,Yoshino Tefura Hair 2,13930,9806210cc2b01fedc7c4adcb9e48356f,764909190acdf09d8a3b3ebadb1648a5,4026381fbf5927560e501488a3dceeb9
コルトゥヘアー,Cortu Hair,13940,f74dca5c9686fe2b26bb742eea41b5ac,0558c8d49ee12bb4a5dfefd1ba3dc753,ad74cfb4e9a0ec02c62dd6ce874ce5cf
ショコラヘアー,Chocolat Hair,13950,a498532062f69dee73f36c92e87efd1a,0ef2ee2a0982b79ced5f88e9cc56196f,6d5ed755e44b36656faced3fcc4145c2
アベントヘアー１,Avent Hair 1,13960,1a6bf5f4ba3541114ed6ddec2a0ec66c,8d20284be35830b24f6702b6c3c7daa0,fe06d0d50b1f3fac10d8f2d8d3107c03
アベントヘアー２,Avent Hair 2,13961,d2125a04673f5bfb90496962cd458f52,e7f1b046580f81f054cec24bd9a659dd,e666b031193fb798f2b9dc569e2ad9bb
アベントヘアー３,Avent Hair 3,13962,f6f409c460f844c1a0b10d85cd5ee2c4,7213c0b6e0acd565f565ac5359c3e22a,fc956b526b0902d8d79e798e8e809934
レシオヘアー,Ratio Hair,13970,d50b865175a78c2f45a986e303120b23,440d00d5a7c5dd8dc3e6a6458217f157,8c1a1fd3fc5629c513696398a4e292e8
クレスロヘアー,Creslow Hair,13980,d026a82307cc847222778410c3308b56,00a49786f1ec642f8eaf95a8010c2776,333a362a6bb798dd35490784a9bd2ecb
【双子・男】ヘアー,[Gemini -- Male] Hair,13990,4364383715c5a041627da69bc95c18ee,024b5bc52908bef2c271e71ddc8e3286,bb297e8b3349cdfab0c40011bcbc4e1e
【双子・女】ヘアー,[Gemini -- Female] Hair,14000,c35a125c4585c22b9813f30d6fad12b1,d1a24e4d05e8348de76071c92febab30,e81cd4063508eba0fa009b3869569c90
ヴィエルバイザーツイン,Viel Visor Pigtails,14010,c4bff7889b2e96c8e4f909d611e1d723,44d2b2f957db83b758c9eebd6ecf3350,94feda912814b2556b1edd447ce38915
ヴィエルツインループ,Viel Twin Loops,14020,467c2627dcb091dac125543a0075cbf7,645ea8bfe1141a1773f0db1355400964,08e3d50c3f8e1590222f5d0d8a4094d5
マトイストレート,Matoi Straight,14030,daf78950fc248c7e81e4831c8a78cf6a,9122d50519afc5ca3e29f00befd5a16f,0f5aa7ac399a07bcbece809bd36c53f5
マトイループテール,Matoi Loop Pigtails,14040,01885692c0949a020df5cec916d8223a,05edfda4fab05c4d6692359da498a855,a3d8b624562847c8305da9b5f4da5239
ロングツインテールＧＶ,Long Pigtails GV,14050,598ab3214d7067f61f19113b8930bc98,a2a411a231aa0107b13f1b2e988262ed,11f4ec687c3cb6d17fa2201cdd502e34
佳凰ヘアー,Elegant Phoenix Hair,14060,0971caea7a57e4bc7e4c238d82310958,523f27e5325d5b511e50d54b9ad785bd,1da450c2adbb76949918baa199df3f40
ルミアヘアー,Lumia Hair,14070,6e739c0e9b7fa331f42d1ec9d80bf110,e4e555be4c1a979e46303e87c54755ba,4476a5910bc1cd4e2b46bec2d7ce3d33
[Unnamed 14079],,14079,fa879ec11eea84ca44bb56ca83e7d261
ヨルハＡ２ヘアー,YoRHa A2 Hair,14080,37bf4c60ccff289b1f26dfad160d75dd,563b459207fe6a4d9b870b663166519c,64c08dfb0d41984ca7a5811ba9b3e225
ヨルハ２Ｂヘアー,YoRHa 2B Hair,14090,0c3ad6086679c98814c23aa76bd96f0a,88afc0b1a82f4e3f24d213c96a56c876,7d5d8de327bc0a63ce58a22dc0198f96
シルフォスヘアー,Sylphos Hair,14100,5cc960258daa2c192096bbc30c743a94,744223b95b5a1ca2217ae5a26b7f79a5,47d33c423117d20a65f2b05946cb3ee1
グラマラスパーマ,Glamorous Perm,14110,68e6ba2065497de35e0a70ef9c7194cc,7d535a8be323ef0eb78d7ee669c6091d,01d93bbbb4216b078429d5c0f0690ce3
切り揃えロングヘアー,Trimmed Long Hair,14120,e8996932ae67cba9fd8814f534f47c22,cc72f42c6dc0eaf8303101aada3051f8,7e02166dc4b491bc656fd5a81b6de140
エフェクタヘアー,Effector Hair,14130,1ecc85b3e45f2bb0509f0ad9db79828b,942d978970f20a33b6ef2bc6c49b4c1d,51f870a7635912f1a860ce3ca392234b
カテドラルヘアー,Cathedral Hair,14140,1db65ad61dccee0902bfc1b60c753767,63e43e547d75e83f4ae120e54bf47920,fe038572cb857dbfaa55b844a635454a
傾花結い,Blossoming Hairstyle,14150,c96601c966503a1ca18cf73e2f5be548,4f024f5279b1af6b4364a1ffc93b1371,e73972fe10b53d2334b09f4cb52a7c84
羅刹装威ヘアー,Rakshasa Binding Hair,14160,4b073ef1b8ac18f82fcabc93c04006e6,7a2ca6ece2ebfd95dd593d6ce7294c56,6e73940b74358503d8dc3fe82bc4440f
[Unnamed 14179],,14179,0a6ae499f781c59328d57be06fdf2f68
短めぱっつんロング,Baby Blunt Fringe Long Hair,14180,468b4467b31fedb1e00737db56c42c3b,c7f15df90b03a06187d8e09b57e809a7,09e7719c3cda0296bb8b134e55c4ef34
ふんわりボブヘアー,Bouncy Bob,14190,cb7584dd0b6bbb13c16dc29a59dcaadc,2004d6aee6a23d016945f28499d0d059,5165f8c71afb84554ba065106caef69f
エンゼルウィングロング,Angel Wing Long Hair,14200,8d5c3828ba3def88c2f7ccc807543322,0b44d58f280ebce600573ee7a57a9a43,d6ca860ef32cf39586f9c9c6300dd081
ジュオビソウガミ,Juobisou Hairstyle,14210,c0a3a5855c1b61e273918fc3806fb535,fbcbdcd9df7379a56b1b56a81375b177,558c5ea5f1c7c9338e07a84eb7358050
クイナヘアー,Quina Hair,14220,48f322a231bfafe90cb6c055e7b828db,4dab6ac0c9b8d114f5b7918ef54d8905,68518475bc487b1966ddd0bda9091de6
[Unnamed 14229],,14229,36a22cafc946fdf62ee6fbe61fd66f20
りらヘアー,,14230,121f17ee9963b46befe4015b200907ec,def67e3500caa1c651a6716a9ec73a73,e316deb0c60bac5bb6dc2c49189a88ac
[Unnamed 14239],,14239,fc49402980115b269cce1a81bcc60ba6
エリヘアー,Eri Hair,14240,55cab119dd1afda755fe7190cf279a46,267f3ed21d2f886288d771bc36bd87cf,bdf1a7ea948151f5dbde611f53ae127a
[Unnamed 14249],,14249,b06e15f43ff44a05b70737e5f2443945
ヘリオスヘアー,Helios Hair,14250,467413b7800d63ec8fcbb5c612fecb3c,b0f8b7439b41c3fe104913ac627e921f,6d0332e0e39f4ec2a1f995196561c5d0
ラービッツツインテール,Rabbit Pigtails,14260,beeb69cea4a636ae209e75ab1ade4193,beb6bc8f6a71a78f24a05f18e67d863f,ccf10e77c7b04a49d7fde10661ed22d4
セイレンヘアー,Siren Hair,14270,7d1a7430ac4172293691f9c868c31445,d5b107bdb4277ffd63fe42272f943f15,c842f4d43058ba59d3ba9e6296bc88c9
[Unnamed 14279],,14279,6f212d2c619b4679afe84268de0351bf
スティレットＧヘアー,STYLET G Hair,14280,b42691657fcbf4edf3f3b4c92cb8947f,3483822aad5634b18a7d338b66d67ae8,093898ccce978cf4bc164b92c303f4e6
[Unnamed 14299],,14299,94280f9e50dcdf0404def0a611e0761f
[Unnamed 14300],,14300,bb3ea2f2e95bf4e11217b5ba0dbd1e62, (Not found)
[Unnamed 14309],,14309,b2066a786dad6478b00000778b75f7c7
コオリロングヘア２,Kohri Long Hair 2,14310,17d717f177735593f7fdf28ecea51477,4157c8c57a5e1bd56e37b412e1b243d3,eead176529afbca1e8381fd754b50906
[Unnamed 14329],,14329,044be179b1995ca1f36e5193fd22d541
[Unnamed 14339],,14339,ff6101d94e7b293a64c4b52ef3cf9dde
マリーヌヘアー,Marine Hair,14340,09a1f383d8dffb99a7de5fbb6ba6c5d1,584f7e5d69cdb10510e97caf431765ed,7b1a7b9a8549ca20c037e26c69876580
アルマヘアー,Alma Hair,14350,8d633295cf1c01a7ef80562a3ccd0337,d03daa022c2e6ae313e9106c78b99674,fdc6d704462aa4dbd86d06372d244167
[Unnamed 14359],,14359,71fc383a9a812d97b45e15ced54c4fd7
[Unnamed 14369],,14369,05872af7799c58c09210f1825d9bdb94
オークゥヘアー,Och Hair,14370,55ba419f09a393ef242224eb81256564,8ad276ccd384d497a387b6c469685af3,0edb1a35661e0fb9c7d088d2d2d5c64b
フルヘアー,Phul Hair,14380,c8995167e327c507a9acdcfd33d0fa6e,12aaaee502eb73802cb0420897bfd24a,837cb8e2a1d1fd30d62586627d50abdb
コオリポニーテール,Kohri Ponytail,14390,9f66207a23f72fde404b67d6cc610883,c9e0dbbc5662c24cca548621b3181691,e833daf5396b30c9d983bf1068c5396d
ミューズヘアー,Muse Hair,14400,b5f2784aaa72744065d0da288f167db6,d699d2caeb85aad80e4f3901e63cabe7,d6a31224130f3108242e2fd021b0da80
編みこみハーフアップＧＶ,Braided Half Updo GV,14410,eccab85b5fc9bd5ec1ee47c7d79440a6,d7e0d03a60ee685cfa31eff3fd7734da,b9b47704ed27b0771f113b2a45a2dd59
使徒礼装のフード,Disciple Regalia Hood,14420,792ec0211365a9a89a39466ec63c11c0,c7c84d2cce4db440d7d4ceef36440741,e7277b8a82fa7000a863e7c1555b674a
彩絹結い,Soaring Hairstyle,14430,9ad61ec3cd0c9cabfa017280d0067514,6a3c60e8cafea09aa1de1bc14c838a71,ba9fb59852fde2f39509eba1b727d173
ヤミガラスヘアー,Yamigarasu Hair,14440,019918b5e99e2c71995a982a4a96369b,437380a2f6a075f24eef3f82df02630c,aa3682dd79ef912c26fc7e2561746e30
[Unnamed 14449],,14449,6bda25cc0b35d44359970ccc2880ab58
メルフォンシーナヘアー,Melfonseana Hair,14450,11231ddb97fc747668ea91368459d9ac,b268e1c849e17fc42f856559963b070e,5d84aa43c545858a91b67273b16dd04a
[Unnamed 14459],,14459,dfb57e8b2b268202cbf7865226106388
クロワールヘアー,Croire Hair,14460,7288a4fbd8d0338c5ee5a762c7cf659e,3bba2ef818c40c919314de8e71e009b8,47e7732bfdaae67ec330d381f9bf453e
[Unnamed 14479],,14479,74b7e20ceff3594065503823989695c4, (Not found)
[Unnamed 14489],,14489,3cd3deac8c0a0e10a2be5d979f3f32f7
かすみヘアー,,14490,0bc30935ba15d2cf763ab3a6e877efb2, (Not found),2d776822656364d9b35e3716cfb45f09
あやねヘアー,,14500,b0aa4219938ddb32938f2977a0207775, (Not found),c16c1aba63da89c9ceef40276f8adb5a
マリーヘアー,,14510,e68af3f139d2addad5802240491b9372, (Not found),15fbf9a8bc351ecb97230f784c432f31
プロウラーヘアー,Prowler Hair,14520,6c94ab4e712e6e9b9263f9f87309d19d,291596b591add7f488a189c3a5ed71e0,f97e0cdc16b75b2d609a21410be0f06e
[Unnamed 14529],,14529,5296ba522d0486a6235744b78c99190f
シエラヘアー,Xiera Hair,14540,c6b5f41ce3137fcac9b3b2cbbf2314d1,8f5aa0be4bec3192115e5de9b94775b3,047415b159409a0bda172e027e7decfe
クエンチカヘルム,Cuentica Helmet,14550,34603db18d0aad9863d4c4b717317a21,8482f0c90755c09c85825aa2a9eb0656,e0a704f9ec7b5144b7d75f4f834c7c57
アルディナバンダナ,Aldina Bandana,14560,82f0320132b954f872bd042505aee013,5913a4119a6819f64205feca78e7dc01,796d50bf76920e567f80052d9eec35f8
ハリエットヘアー,Hariette Hair,14570,3f594f498abd75e3784b0201bc462255,d2a67ff04155fa5808fab35e41826547,f0d7615bbb24c0c8f99a068aa66b98ed
アリサヘアー,Alis Hair,14580,571b8e37c5416b0063c803dfd9a4139c,2ad302c8c8f52cb590fdd59fa528e428,407802245c58ffd440345fb017646915
ノクターナルヘアー,Nocturnal Hair,14590,6f44fccb94756cec62c37d1afda15f8e,71474dd31372839ee2baf6a4449a38de,70ed235db9daf5049faebac4049fcb0d
プラフタヘアー,Plachta Hair,14600,460c87590ca2b8cbd7d6b959d3b52e09, (Not found),6cde1fc562b5e4762f908c730a978a31
ソフィーヘアー,Sophie Hair,14610,cd0e4688c6f05310281f187e60af0b01, (Not found),74945ad098595b19e9bbd84c483010af
エスカヘアー,Esca Hair,14620,532444b7cb94b750a1eb277a73ba2b29, (Not found),e23c1bfc19b75cd2573637f880ba7dd3
フェマーレヘアー,Femare Hair,14630,b6b264a9903c809faa88582f0a474d70,de6f6ea0cf363270cbae8444094ad1ef,bafa86fe871091754ac9e9ddb7e4b7bc
[Unnamed 14649],,14649,80d0a655e7b3399db97e1fbd70a061eb
アルモニーヘアー,Harmony Hair,14650,1add7b02a33de43a19447ac7b53e0da8,3ab2a73d605a9d4c007ebc07a8216962,3c9340a744d60da561ada46cf7588d63
[Unnamed 14659],,14659,7be92365820d858c5c0621c1d1fd4265
ブルージーレクイエムヘアー,Bluesy Requiem Hair,14660,d32ffbab3e8aafebb692ffacba99da74,872452baf71c906e70282c1c5d122529,e1dc1ef86143a7bec3c9eb41f89ff038
[Unnamed 14669],,14669,1f8f1a9d9c4bc881746f10cff886fa35
ハリエットヘアー２,Hariette Hair 2,14670,c9dd9e15874e6cdf6a1cad4fd430017c,cd15eb4a9798cdf3b696227131eff48e,8950bc976d1c0753ccd59fa86abc0c1a
ネイヘアー,Nei Hair,14680,db77b5bc9b0630e5b26e2df982e098d6,82cf92f0191bca3d8f29753b623a0146,8e215030260dc3ec3706829986df9f61
アシメショートウルフ,Off-Center Short Mullet,14690,bfbc11632cc59d6cc6737ccf7e2bd6c8,92a4a3d1b78e24a0f6b371d9ab2dc7e1,53ea66ea1925a5b50ed899dacc1b19ae
結月ゆかりヘアー,,14700,f3fe1d9cc32975b6abaf9e04040d95b1, (Not found),70d78a9693a1699f9b968046ab579846
アルミュールヘアー,Armeure Hair,14710,e98cd09e396f5fa5f5ef815051c417d8,ec7ba06ffd2102ebb6cec56e682853c5,0b17befd2f507450eb80fa690aa27e38
オークゥヘアー２,Och Hair 2,14720,5d3fcc6f6722427e2bf0e81604e40923,abd0fa345b560979462fa920e0bcda4d,a31641154c35b80e98342a627cec919c
[Unnamed 14729],,14729,3dd5aff5c84f46d0f23939432341ac12
オイリーたんヘアー,,14730,789dd1edd2a07180748d1422870b5a22, (Not found),67e571724be790f83613ab28742e745e
ワンレンセミロング,Even Semi-Long Hair,14740,bb257bbbe1b92999aa9195e3547a7f88,11d01c917f0713e53cb97e7308acde1d,23217f1aa98f5f26817345860107ce85
外ハネ前分けショート,Parted Winged Short,14750,a11e6fe03f26f0c10bc1b025fb1e41f3,7c7fff1cf2b4d0ee91d5d3404586d119,36a81ca4b1d3a0f71cb2ab00fd32c864
スミスヘアー,Smith Hair,14760,4b70fa52e1796f4b79cb44f04e13dc03,df54250fccd45e10582a40f8ec0fad98,4ece4071167730d78dd999850acd7a55
エアロスメット,Aeros Helmet,14770,1afee4b6dd77f5bebb458a2883120f12,4df2f746273e847e59e5eb4e7a167a4e,b40f383cd7fb68a0dd512e73623c2776
フィリンヘアー,Philinne Hair,14780,4bebbe7efd322528f234cd1857cfd183,0ee0b5ad0999196fa7493a0c0623624d,2c4aa3c0e97728f11f891a9f7918f88a
ジェネツインテール２,Gené Pigtails 2,14790,aaacbe50e8013e71ecd1d781d8f665df,176b77dc167056528dd7ea8fa1e75309,af01f57c73b3280f927521c5dedfbf22
[Unnamed 14799],,14799,370bd70ddb19342ed19b34a304a24b5b
[Unnamed 14809],,14809,50abbbcff130f0041636eff571994d22
エミリアヘアー,,14810,282f6e72433ccc18ed211a718aca7b06, (Not found),155577dd2c2fe54b52f81be59f3abbcf
レムヘアー,,14830,b519e5400f35ad061b36aaa34479191a, (Not found),988c73dc322f136b72428efa96b10937
ネージュヘアー,Neige Hair,14840,3a7f43ab8f15227616924a6eb81ae9a7,ad2f24b01794991b02613f2b2cac1805,d411685a25b7efb30153bea90ea6a937
マザーヘアー,Mother Hair,14850,265d9f4b5ecc72dd4cb45bf101b25278,69e3774880bcb209ca074f2401b78d8d,a038c19c48bc2a80c3c7b1f9565b55f0
イオヘアー,Io Hair,14860,8b6a64eed6b27ee7bcb2cd3893c4480a,784b89896a348735efb8e674f9e463dd,1c07fe076f8e1ecc091acce2ff2ad840
ダスクヘアー,Dusk Hair,14870,a8ca5e2f9b01771412b4043fa9b6ef59,20347bf79db05f490fcb96a67cabb9fe,0a3b2a82723173063816af1f8b3f7cab
内巻きロング,Inward Curl Long Hair,14880,88fa66063087fe7a02846428104bf605,633ff84c916cf6890e72998ceb4af406,0040a39c3a6707949121d4490412dc88
[Unnamed 14899],,14899,ade1d464523d7b14b14e5b52ef7957f2
[Unnamed 14909],,14909,fa9511aa4bc7bd1bb6c52e7f8a1c3504
結城友奈ヘアー,,14910,5126e7b36104a32be8712bdffc6309a7, (Not found),2bc26d1e7dfaed7288fdf9dd61d2712d
東郷美森ヘアー,,14920,6fa730652d2acca852dc48c9333f7361, (Not found),bec64ce28199b05fa2ce1cae69428487
レンジェルヘアー,Ranger Hair,14930,277f87eb81b36752879821a63fd9d6a4,c0f5e75e5a16c60b64ef003d98a58498,b9c67aefacba0c978865ab1f0f2b585a
チャームヘアー,Charm Hair,14940,f1457f47f20425712da10632dcca175a,fac382f6cf8d891261c382634111cd32,115dd34b8076f8718a25f8eec503035d
ポップ・ラ・ヘアー,Pop La Hair,14950,d2f40cd281929ba022be7a6a399c581c,71e1feb0994fa24be14386e573d664d5,2f5dbde82cfbfb946dc37077e21d96ec
トイフェルノンネフード,Teufel Nonne Hood,14960,9765ace5bc3dace4cbe267e0f2b093e4,caa75589fb4beea7bf9c4b2ed4ff76b6,ef7820402fdbbfc3974343a38608b174
セーラースイムヘアー,Sailor Swim Hair,14970,077ed030423060b0cabe6064b19805d0,e56faaa36492efd92c46f3ac184986ad,bad0b9b2b3ca5057cecdcfa84f960972
セイクリッドヘアー,Sacred Hair,14980,7eaa686e65b4da2487f897cc684a1de0,94f6a6bc257ee4fb944f8fc9e5fda5a9,64ef5b4661ab81f5afa8fa0fb7cc2c50
フレイランツェヘアー,Frei Lanze Hair,14990,f68ab8865b6ea88098941497520c48d0,856f11de7b7b18ef22ad6e6dae5bb22c,b7c02a480d28ad9d2a2bb2d71ece656a
[Unnamed 15009],,15009,5f188b7f906bb462e56f9db6da524597
[Unnamed 15019],,15019,9876626fb71999739f289703cbd55138
[Unnamed 15029],,15029,453551a6adfcfa9ddb9fd094687deb83
フィルディアヘアー,Fildia Hair,15030,5a0b87232a85d3730b2c0bee1e08e916,dcfa0ccd1dbd752db57170abeda5626e,b32875ae422caad3394312f0c895c20f
桐条美鶴ヘアー,Mitsuru Kirijo Hair,15040,525ada3b77428dfbd2426dcfd2203583,190c90b304b0d301d3b85d59c2c4e765,893d74e11b3592312a273226c394ecb2
イズナヘアー,Izuna Hair,15050,03d98108463312d2675b64ea934f04e9,cc0dcffd9ba06363bbb71b540cdbb36a,3df0c8855d631c43ab639c362c906b8a
ラムヘアー,,15060,9ea6163e52472ca6c7b777038a00c088, (Not found),2fabc6a0b68b3b4d80923b81916692d2
アイギスヘアー１,Aigis Hair 1,15070,6112e1b9b0177fc6d06660712dbb16ab,7f5e443847c2365090cbb34ba1d0de0c,8ee79506a99fa3465df8a24622b89ff2
岳羽ゆかりヘアー,Yukari Takeba Hair,15080,e4d416e8ecd755fa412200bc6e6ac67b,7012ec002ee028e08e7d194b08324166,6dacf572f363bc058355c06a7cf3ac2d
ノッツェヘアー,Nozze Hair,15090,6da80e2ef2555bd5e38fe24446a8a51c,084790757336821abbc90569b32b7c80,c52d49d3f109a18bbe30b2dc2785688c
奥村春ヘアー,Haru Okumura Hair,15100,9c8b7e0fcc2c98a6c8972f3e0ed19bb2,3ffc24c93402d29144c2731b157b58da,453242bc6f6c8f5253b660ff91822e0d
エンゼルウィングロングＧＶ,Angel Wing Long GV,15110,e3da44624bfe45cd52057a6a742adf76,56af0f87c9a8c2f7cbb148de5d7b1df7,f2a5de2002e44491005e20da5aef926d
羅刹装威ヘアーＧＶ,Rakshasa Binding Hair GV,15120,a28c48557a11e11dc86b0e8dd0d9cbcf,9426fc55aaca50c7ba2d86ab25698e66,73314224fef0b7380e751398f311db00
アイギスヘアー２,Aigis Hair 2,15130,de68a62e4f3811fa0dccf10f16a6711f,1390e3355f7d5f8ae5a4ca49f753d843,dc52983afb6d946071d9b7327d9538d9
レイシアヘアー,,15140,c29cae98c0e45ed46705dc39a0593548, (Not found),3bf27013d8b7785d96456521f40064d8
紅霞ヘアー,,15150,1e53829077e7ed65088e14b2b553dada, (Not found),0d81ad78a182dcc98f022b1ecd7f1665
アウロラロングヘアＧＶ,Aurora Long Hair GV,15160,603591ddf763a7c27ec007ca49d6478f,fc6e59f98ccb4f99e4dcc52ac7885245,a9ee95c67f5d6281c8317162f91129c5
[Unnamed 15169],,15169,cbc5365f9bf81fe942b3c884a696adc7
ハリエットヘアー３,Hariette Hair 3,15170,037723b70949287dcd680e56950be8f5,8f8e749b175c931fc544c8054ceda94c,349b8f1bcde09c0218ed3ce7d14e7194
ハリエットヘアー４,Hariette Hair 4,15180,1f0f60b088a8a522626440e049602f02,3876fe0f22d6392d90417d69b47a67af,ce40c93c86ddda7dcf99f7fde19ead29
エリザベスヘアー,Elizabeth Hair,15190,389c71ae53aaf616d881c48cd0adf937,d7f1e09ac823fe4363fba8737cb8602b,414a946c7d410c645befff7184676c53
ハティヘアー,Hati Hair,15200,a37db1b02d72771b7182942a192c3786,eed76993f98e0f91bcc7f785b7c055b0,11520eaae0bc3f0f98f0fd310072bb28
ステラの仮面,Stella Mask,15210,f833ce25e8c6ec206fdaffce4e62cf97,2c996e37b529cf9dd18e335b348bf90a,66516c6538ac4b0b614dc8a4acdc3a70
ゼルシウスヘアー,Zelsius Hair,15220,4511d48bb955ab4eddffe5be4d4ccb70,cd902003dd516514ae8291e3bcaa0c19,e48a788dc9d2ebeae35fb9d34e438765
ダウスタラニスヘアー,Daus Taranith Hair,15230,6b1ecc35c10df6e44efef28772f1abc8,7406efd784dc5430da0a01be2a514bca,6f3b7d9d32307354be3e2f2e10871012
ハナヤギヘアー,Brilliant Hair,15240,c634f3e95544c8d1be26a349eb8c029a,0aed283b0736900d7fba81f551ff44aa,22b0b85825cdbaa80d59827541f8a704
サイド編みこみボブ,Side Braid Bob,15250,77a75250bf9fedb04dc0958c890ed455,8f334dd2ad16f719fa3a820668ff9441,a66b1052c4e1a288481a20e0f2d04274
轟雷Ｇヘアー,GOURAI G Hair,15260,f8fc95c7797eb8e1ecfe71b92b49ce5f,2a1dca5c06eae07312684cc4d4e4ebd3,5bac559e1790f9d9c30c9a8cec9043ba
スイートシムーンフード,Sweet Simoon Hood,15270,2ca9a676bab9d1ab5be2a163b5607156,069acda33eb25d9debb95aff60fcf7c9,302db1968d5adc29a3430a9acc9abcd7
バーゼラルドＧヘアー,BASELARD G Hair,15280,3b8bccb142e29c3e897b650a36d67105,a5686c90666a5adc2abf91777d19b349,d455027fc279e61743c5246302762e13
サイド編みこみボブＢ,Side Braid Bob B,15290,9211aed67cb4c37f26fecabaceef354c,4c28a47ddf10a2ef11fbe09387e48859,cdd7fc9452aad7e2451eee534de746b9
[Unnamed 15309],,15309,51cf7bffefab7f5fc7eb5002f2419dd4
[Unnamed 15319],,15319,c0e2250c521294cf225aa8e5a36401a4
ニレンカムイヘアー,Twin Kamuy Hair,15320,fa1541a59b100f32da085a19cbab119b,2f1954f362c2a50f12cb34f663740808,c05108f94ee3e73faa0b9d850f414021
[Unnamed 15329],,15329,6c805a67189283509ef7a7bceb35ff1a
ストラトスヘアー,Stratos Hair,15330,9cb0ad7a6d18beb267f5f6f7068ff6f4,12f1ac5c17faa7f654af84f10d2eae51,c801385f1a868a5553f26ed60b58268f
マルガレータヘアー,Margareta Hair,15340,c5b95a17b7bf48842e242080da7b9f21,cea8cb40058bf1117c3a919d3634d510,6d311bdd45c7fdc038467c455cbc1764
エピティナヘアー,Ephitina Hair,15350,86a0b8055200c354483298ba7723d82f,f1fd2033fc14b1e1a9ea00817cc0c214,1e301fb61984a4c90ea606bb0528c3a1
エピリアヘアー,Epillia Hair,15360,687d28cf267b6791da0823a6dc4dbf71,ff87def1b40590ec0ce1f9d7284fbdee,cce3aa30c728ac5fbedd3f6709727aa8
クエンチカヘルムＢ,Cuentica Helmet B,15370,1a415b6c7772310ee50dcff873ce8f8d,6606c3f1a6c570d26278abeba07ae31b,6995f1768c11e365804eede8fc8737a8
シューティングＤヘアー,Shooting Drive Hair,15380,dbf1dcd493469a5cfbbb56c9295ea7ad,f4fb7bd07929878a675c1c40bb61818a,8cf26ff775ac177e072f5ec35429985a
[Unnamed 15389],,15389,d3cd3a2f10e042999b8ad4b4a672decd
ラヴィス＝ブレイドヘアー,Lavis Blades Hair,15390,db5807f60a1a7bc15894833a90d4d81c,9aee151f718e7351ba3c4c4dff21356e,6d8c1523c6ccb2b9b3d0a570198d162a
[Unnamed 15399],,15399,690c1f6fa13056bdcc99ec06b9d013d7
アルディナバンダナＢ,Aldina Bandana B,15400,4d0f67cc25da8781c5691f588523e1f6,cbc2710e8035cad3816159f6b0f72507,90f476c7b4a9bcbfeb9bddfb9958fd4f
[Unnamed 15419],,15419,af60384f58a69e9d9a65ad7ca1c5ba48
[Unnamed 15429],,15429,277c4eb7c9f07cefbeae5cab284e6ecf
ルーチェヘアー１,Luce Hair 1,15430,c23838cc650cbc661792bbca336b1ad1,de12d225c78b7db609983da34665e51a,f3d4531949d578f92bbf43e26815eb4a
ルーチェヘアー２,Luce Hair 2,15440,daf736857dc587a244954d2b7b1be4d8,f394fbe69e44dfe339b7dba115fcdc96,a82ac211262d63de2e04b8ac539b4000
[Unnamed 15459],,15459,1ba67f59b80b72edcbb879094b8ecea7
レイリィヘアー,Riley Hair,15460,a3cc4561505aa5c592af7cd36cc30e3e,c93f1dc771276874f271de9dfa5071ff,cb1582c40072e7ac044934b9d86ba3c9
フラウヘアー,Fleur Hair,15470,3ace12d722f70e12d77f4b7ef1864d84,20438f3b2f501726c9d7b3bafbceac47,ed0725d759b47c1b5f19d19d21034562
クラリッサヘアー,Clarissa Hair,15480,0bad751c5deebee30c8078c12c82a7d0,e688d4e4f5c59b82e3ec65c04904c58a,e355c7d2c8a24bbd0db3616de42fa1cf
フィブーラヘアー,Fibula Hair,15490,301b524a8fb89d5034265ed2f8e02a66,b2334fc31dd2aff46ebf506ff767475e,2aebb18901a4a0123416901313261c5b
[Unnamed 15509],,15509,f63cef0d2b0836a69ea8542fcaf9ba41
[Unnamed 15519],,15519,2caa5b0d4b3d7cdd9e91f29835f66fa4
カレテラヘアー,Carretera Hair,15520,c1194e9914f19b42718a35880f348978,1e4c349a8f00ec6890f4ad45551af650,dca13fd0d9d4ab352864c636d5f516ea
アスールヘアー２,,15530,13dcf8e260b1ef15b514bee7db22abde, (Not found),dbb9d1c6ee14f4056ef301f5dbab2637
エルゼヘアー,,15540,060797ebae9efedc55f9f9ce4eec66ef, (Not found),c5778f147b09734ff76d01a4a4dabc25
[Unnamed 15559],,15559,cccde25320718b5e671b56b9272b15e8
ラミュロスヘアー,Ramiros Hair,15560,c5f8478a4c99a9337865b9e490a9fc53,823a13cc3ce5df5253e465fc7531e3f5,208ffb05fb9b15b0f76fd6ec05cef760
カイ・シュレンヘアー２,Kai Schulen Hair 2,15570,3cc466f48783dd4af9b503db89945aac,8cdae54055c47dac9665f6ce178f769a,0c09a928542020c2e52e387b84736f59
カイ・シュレンヘアー１,Kai Schulen Hair 1,15580,97ef758780665aaa0c5d1e8da0511164,2b67f56f8a563b991bee0fd100212eb9,026efc9f028c47a77f0e895925909324
クライマリアヘアー,Crymaria Hair,15590,7f8709b3e0c8f86a3c00a6dc44916f68,68e8e429517ec63e20534d863e42c510,3df32502a733b869e146cecbb602ff3a
ハッピーヘアー,Jubilant Hair,15600,cb2ca9f10440e96c58355999501f5d2e,d820de0b5a6ba87c35b7cba0cdbaffd6,ba7911d22e4ac204564268a61a4f4f44
里中千枝ヘアー,Chie Satonaka Hair,15610,55c494ff04ec6a394fb7bfbf0308e860,22af8f15bc59cab1bbdba8fe5c7a1b4c,319f980663452c661ac8d347d1cfaa28
ドリーミィヘアー,Dreamy Hair,15620,79444c0b785891fde289f169e373cbe2,cd0aa97e307f2d502e1b55f8a0eaacbe,ff1be676387291e60b4bf10fcb781578
[Unnamed 15629],,15629,1b7e7117a050952cddfebc87c1f34d76, (Not found)
ラヴリィヘアー,Lovely Hair,15630,10691348681178ac98d105e202b33cc6,b5aa8e0837781219854b39097b72e633,1a384eca6e1377689a62401be5a21fd2
[Unnamed 15639],,15639,48030dee2855aa658827537c076f022c, (Not found)
テンダーヘアー,Tender Hair,15650,b790e5453a2c45b9b1ae64207a5b2379,2279a2dd0854d231d1f7ec9b3c864c3a,194d469f5204a39b823598586aaced24
マリーショートヘアー,Marie Short Hair,15660,2dfa889beff5053b54189c998112e27b,dbe5eeea8692f4e0166927426ffbd4d4,4821e279509d9b651067fa4e51d095e6
アリシアバンダナＢ,Alicia Bandana B,15670,0fa98f6163d4cbaa12909e3979c10254,869430f355a6b6960fd2f6913d04b129,ead6c6c220af5d8eb399f135c9ec4283
[Unnamed 15689],,15689,cda7f2bfc8340bcf870309471c5a3b61
フロリックヘアー,Frolic Hair,15690,957357fc6e3c01da957c8992b7487c8c,a50c970c95e54af0f662fc1ff8863856,986b5aa4d30307a2aa8f0072b706e747
逢魔結い,Occultic Hair,15700,a5f647f9e3b8b935d8cba7c1b84cad62,c810564f0dc21198a8bcae0d1ac838a8,3f32224e83cab2edae9d335a557e98d4
デサンブルヘアー,December Hair,15710,f8d1f45fae161c31dfd20a99ed57b69e,22e2c107e3e5a3ccfe1cb21905850832,b5f741df5637d5424827d5d89b8c0b83
Ｐ３Ｐ女性主人公ヘアー,P3P Female Protagonist Hair,15720,49ddee2b5d78feef89408607d6f8b056,c2ace3a26b42ed0c29b51069cb288f77,5b364595beed97ebd55495557bf2b1b4
スマートヘアー,Elegant Hair,15730,232ebc51a3a4951905ae9f86b7a36ade,14fe322648ffc63dd4ad313f02a95975,ca8a57e49b75265d0db8fd6bf30ba861
アイズヘアー,,15740,fc245cca3959436b441afa321c74831d, (Not found),5aae2ea0706792bd03edfbcae477dfbc
ヘスティアヘアー,,15750,5a505f900560862a8ff5098f188d2df8, (Not found),5e5a3d9b2f6dd5681874240d87a2731f
ヒツギおろし髪,Hitsugi Hair Down,15760,9952bb76032de9e23ae3da83041d199a,4fe3441dedb97584604033b3f8878604,0a6c38246853d97bee14d72327e455e2
アトッサヘアー,Atossa Hair,15770,48c31c77f7bfb7503b0462b56171ca81,b1c2349653f9e3d805d552b2c019121e,254d77c000efec1214632bfcb9533cd1
フラウヘアー２,Fleur Hair 2,15780,ff6de2963e1ad552e1a70c69e20d4efb,33faefe09d7b08a5bbc0744e855c7a73,ab2219d7af6d0702ca88b460ac486bd8
初代ＫＫヘアー,First KlarisKrays Hair,15790,31152d25983da95f3ebe12f9b8ee5814,962d9344c724735396a5fe03e544a468,2fa35a079b0f4a93391abd63e2fff34c
クラリッサヘアー２,Clarissa Hair 2,15800,9a03014f23e60a732d5b62ae237c89e6,ec80e5ab82c196a01f1539f4fc1fab8d,c7755a0e4995539c56f0dc548559bdd3
ガンガールヘアー,Gun Girl Hair,15810,4b47c714ecc6d17acf3c4610c275840a,7cfb070ec7a41f2d92aa4c796720f556,ceadcb6943c41c8ce7220e0f4aa8d09a
サーキットヘアー,Circuit Hair,15820,439acee3f89e377ebfe7ce376c84cd9e,77e4eb411242a84f34331da3ead4165d,ad0599999e8945c342dca4e994b85e46
ＰＳＺサリサヘアー,PSZ Sarisa Hair,15830,8ce8434c3ba562bc1b65b9f6498a42fb,da9e1c3748bacbfaedfbf29b8c08b8ae,4f2906e7bed7f3933afa5e129708b4f6
ハルチハヤヘアー１,Spring Haori Hair 1,15840,84167549c30896b4bddf6ba44c0783bc,15254092680ec03f63325d86ae6d8d86,46012ec883d8ff209c13596d0cda722a
なのはヘアー,,15850,49413cb11bf59176fbc179714535aa44, (Not found),95477b29e10485535fe91c0e0f7d5920
フェイトヘアー,,15860,98b235131c337b29e4f1c53f21a4af6e, (Not found),75ff6f670c3a7c5351d16ed9f4b6a456
はやてヘアー,Hayate Hair,15870,c301b5b72c570a05b51cb24a972fb479, (Not found),62a554f5db3a899b86e5b20ab09cdb05
ＰＳＺヒューマールヘアー,PSZ HUmarl Hair,15880,8462eaaa858e191f64b0c88ea6f5bc40,2437231d332623882c494d5ecb08b3bb,69731e236968236875ebadef4b40ff31
ハルチハヤヘアー２,Spring Haori Hair 2,15890,efc74d7ad563ef90bdeef750e2d53b5f,04eb24e7baadd7e4a41e5d9f992f5695,14248491112221cf1d1d5b32ef620725
シャープツインテールＧＶ,Sharp Pigtails GV,15900,c622d933b9b4cb99d5a0ae5621e3d0d5,a49881343498ecf776441c134481db99,8340abba30e79b0569c9cea0d6c0719d
ロージーヘアー１,Rosey Hair 1,15910,c6549a5e9ab5822867babfdd3d5e19f3,a67f251ff6ec84bb80bf218f17bd73f0,6c23d24685d1229381b5762dd6e2da52
[Unnamed 15919],,15919,17ff497f523ab655b759de3aca358843
ロージーヘアー２,Rosey Hair 2,15920,c8ad028d69332a90605233397ea1de44,5d252193808396f9d4b0c3893411a7c8,4cc532caaece455e7d9471bf5291b6d7
ＰＳＺアナヘアー,PSZ Ana Hair,15930,7c0ba0e8ea5f773a768c48ab0b7c57b8,25c50c4edd47c09d83e4001059d55bb6,1beb6289c59140a9bedd634a3a522914
アテナヘアー,,15940,6b106b87c8327eae0327b1df145474d2, (Not found),105a6b56e2c0980e68391f8469c72e60
レオナヘアー,,15950,4399a2c8827e36141006d259d21067d3, (Not found),d1ee48e3812fe605f0d7616a91293a28
ジャステヘアー,Juste Hair,15960,140d1c49f0b21cb2bf044504f70b1576,e0a5ad540aa5dd6e6e3d4e5ee8bc6dcb,6fc4882b7989b97b884ea93d156db5e6
アルミュールヘアーＧＶ,Armeure Hair GV,15970,e4e09adf3cbbd798e50a752e5f09dfc8,3e9b83da717419af7ef58725b119b7d9,a09811f3998d5f60c14e4a90c8938cb7
ユーテルペヘアー,Euterpe Hair,15980,f33d10aabaef18c7031186a7eb05f72c,4bbf2d9bf2565c2369eb607350308e5b,9a0707a780912efe4527943b01d7672d
シュクルメルヘンヘアー,Sucre Märchen Hair,15990,301ed9bada30643e8251af219e4d942b,515e2ea23de42c93ac4c7060254ca472,26d42f9b300a58f3c9bdc0102a931059
[Unnamed 15999],,15999,061cc4fbe146f864d8bd6b1f41f2ae05
アデインエルナヘアー,Adhein Elna Hair,16000,23b0cbc58c99a2e5516fa9694108856b,2d2b21888dc0c93c67fd2721f4cf6542,a5f6a3aae9d801ea7143035dadd5f221
不知火舞ヘアー,,16010,9f8cc26d615e9668edad5dc7b25e915f, (Not found),4bbb69ddfb85a3fec950e872cabadda1
スイフトヘアー,Swift Hair,16020,a96347f789945c1c7e1f15c972c8d01a,ce81bd5d1be13ad5479f5e88c29c455c,2c4b723bb0d5e3f0c54f148ab4f1445e
ウルクヘアー,Ulku Hair,16030,8ce66b256d4db9be2e5a84885487573f,d9e2d315167a9baee476b9d6c450c6de,e1fdabde84ce8402b348ab5541db83e8
[Unnamed 16039],,16039,53460f1c1c13f97446716aa0d5637cc5
キャッシフフード,Cassith Hood,16040,e0e35745dfa7a044c596acc618c3214a,c2a2dca8c42f99f42b61564ff2d4b889,bcaadd38fea98914def7c3aadb02a20c
ヴェーグヘアー,Vegh Hair,16060,ae6c4545e44b50e423c15e71a7eafe54,34852eedd38f8111ab95937ad78b8d30,561ead8f50a8c201eff69971f813fd7f
ネージュヘアーＧＶ,Neige Hair GV,16070,7292c640ef5d804c8881d1802d27044c,773e6eb472fa57c8235459dbe0119847,222768cbd5def6a6aa55cbd9766445a4
斜め切りサイドテール,Diagonal Cut Side Ponytail,16080,a670219ca0f6eb777f9bb2b8c8278bde,1766ccb8c154883baef22a1cc10322bc,16727eff68b4523a3dda9a423bd206c2
アフタルヘアー１,Aphtal Hair 1,16090,c1bda209a1c65194a818b186c4b7987f,588f4ca1d722cb1f8efe6d658c86f58a,91522391ed62f6a78a54c38242654f85
[Unnamed 16099],,16099,63e4110bca91d0707f4c72f655c139c5
ナイトメアヘアー,Nightmare Hair,16100,95fd0ee139b2fab413fe260333ce5aa6,a851638768577d6fcf80fcf9e5148c22,099b3ae5e39cf1c8f8d20ebb3cdf3537
オニツキミコンヘアー,Maidenly Ogre Hair,16110,875a043eb9914de96beccd18c15709b2,e388b4d78e557b91e9c5abb9827ca90b,ed7dbefd4a33439b28bae783158f0028
リュドミラヘアー,Ludmila Hair,16120,ade58ab836e1245cfa51ddee1ff41ed3,eb7875d5653dea728b8785e8d26d6bbd,6b43aa09aac9b94bd13fb26e84e33f1a
[Unnamed 16139],,16139,0276952aaea1445dcacd068deed5ca5a
[Unnamed 16149],,16149,26c82bd47e53dfe6fa47f46d23031ce1
[Unnamed 16159],,16159,1d349ebf2685431b33fa5cfa9ad0a088
ダクネスヘアー,Darkness Hair,16160,d59e7525cc0e540ed421989405357e5a,0338ea5b6fed81d77fbbb61cb7474225,f6805a44c6af41a6a92c17674abd401c
めぐみんヘアー,Megumin Hair,16170,8da67700d90bc1fee842216878adceac,62cd4b06851eb91c8254dcf95c16609a,a7f93aa826b56a5e1680c109dc17e46d
ゆんゆんヘアー,Yunyun Hair,16180,7c2fd8c484c5ea4bd8e00dce7626fc08,38820809599dcd347834b9f11eff18ed,30801eb3c0e665d033b3da08d14fa040
アクアヘアー,Aqua Hair,16190,99ecb38a824bba5b1147cb17dcf8466e,a8c89389ca216e523d44eed7e1ee0332,772468517c2fefe51520a536968eaaee
スクレデルヘアー,Schraedel Hair,16200,836a6d5500ee43f4c15c3ca79caef081,aae224e753a39a7be7c0492ae2d686a9,5618a42686ec470430e2939bc891a8a8
アフタルヘアー２,Aphtal Hair 2,16210,1b03a342854deeb9ca97d0ddc2febe72,aca0ffc998a9bfab74db7b6fc8509ded,c511bb69b2bfa4d807d2e17308541531
御剣冥夜ヘアー,Meiya Mitsurugi Hair,16220,0c047b835d7055b28be57684ee48e68c, (Not found),ec4c00c6ac647d3f5c61e34bb1879ad9
前分けハーフアップロング,Parted Half-Up Long Hair,16230,4003483abfa980d5ff335515a4ab410e,04b5f9fe830f5cd77a073ef03227bbd2,ea498b74654a5636cc6a29bbc416414a
目隠しアシメショート,Side Fringe Off-Center Short,16240,8f021e828d4b362463e64c1ff9a7771c,15a7d0ac0adb3d44282e40cd10589915,3f7e39656a092198e3e302ef01e1baa5
アマルティヘアー,Amalti Hair,16250,60795d7e3cf9fcc5d6b481daa5662678,40f15882770c5158619b60dd4a939c7e,1b4ce891c2a9dd0c3986c356fafcbef4
アシメロングウルフ,Off-Center Long Mullet,16260,ad6c357a8e681bf0fa92924c399f5d72,abcc60507c09dccda257c6031729c49e,4dfa7db7446652b2b59e16259440ec85
リトル三つ編みヘアー,Little Braids,16270,233fa7e1b899da8c503cd136bb394e13,1508ae88cd198d7d88cd65499d9b65ea,9af26a28ac1b29f0fe7e4743215b766c
スイートシムーンフードＢ,Sweet Simoon Hood B,16280,21b4139d9da7060c2bcf75ac7b3ba6df,b29d934eae018f054eb0dc8b6f4b1103,4e1cfa8f630af76115e588b2b9cd93ef
ハリエットヘアー５,Hariette Hair 5,16290,bf9a870193de83cd4f8768c27af1c953,6044b28803f50954144371df841923bb,967e26025dda3647a317da441d28bb6a
トイフェルノンネフードＢ,Teufel Nonne Hood B,16300,523616cc4a5215c7427f9eaa5d5815cf,a4035cb37aebac322a1cddcd2521ef5c,ef64cd915115d947ebd84bd84041f2bb
アンニュイボブヘアーＧＶ,Ennui Bob GV,16310,7676633b4f93642471b63242222caed0,2666f109e8ce311ed585cfdff9993aec,2320740ae59d4bb522c4a1318d1abc9e
カレイヘアー１,Elegant Hair 1,16320,fa5cc7caa9fd345a8fc79cb74a3f87f2,12c2f3ddaac443d7813d48b0801d01c9,b258a6e3b5a5605d216722ab2c7c1e2a
[Unnamed 16339],,16339,af22cdbf49ca95bf3c3c647e6a9582fb
フォルニスフィジスヘアー,Fornis Fugit Hair,16340,d48872ea810877e5cbed4bb069d929df,4a679d31d45b19c94651a9858f9decf0,dd95dafdab8b6aa6d8580c3a4124d5b8
[Unnamed 16349],,16349,95dc0669a12602c5c2bd56009dba7a49
アネットヘアー２,Annette Hair 2,16350,bab1181fe431f597dabb27d982c0ff9f,f1dbff829fbedbdb45dd4066c70b33d0,24a44917bd5ba5ed1daa53c7f303d0cf
[Unnamed 16359],,16359,235ad451b4cd40f2fda7bd0c79b4b65e
くせ毛ショートボブ,Messy Short Bob,16560,189b7467a97803b8e65c89943f946840,710732bee524684538eb9ad306355125,322e237866a068684d5f8c2e55eee43a
ヤスミ８０００Ｃヘアー,Yasmi8000C Hair,16570,e555d21035c9fa7afaff8829696a7998,55ceaa9d3e3e9e990debbcd05264024c,72ba324683b63ace5185c8a34362088e
[Unnamed 16579],,16579,caa24a280d43964e26195da2f9e379b4
スペース・ツナヘアー,Space Tuna Hair,16580,7a7bff2bc4da565bcf9f50f7be6e3fe0,e8332d48cf1934d66d83c91cba0df155,7f6c35d3a559848bd4de65daef64ad23
[Unnamed 16589],,16589,46d3a638d763e6504b1a8b22a30bfa32
カレイヘアー２,Elegant Hair 2,16590,779aa6cca9a282f56d12ffed48ae3ba0,bb5d041c233809c47f683c2c4f074c3e,8b8afe3a8ff32c002c7bbc7fedde9cc3
カムラヘアー,Egypt God Hair,16600,48ce2e668aff151f9520aed416163c0e,7a4343e069252f2b6c4525873cb841ea,b80132a499b7153ca2982e9691d13da1
ブルージーＲヘアー２,Bluesy Requiem Hair 2,16610,212920ffd51a17129e46078f954b9023,72c42c547870441b09b0d2dfc2d4339f,b3f64de21242754590076a555169c276
[Unnamed 16619],,16619,3c748c2fcca5f7b0c24385c638ea420d
カフウヘアー,Cafuu Hair,16620,bca084ac562c76ff4bc6680fc0d59efb,3346d3350b17b64a13996d5698d627bb,af9bbc219a83242e9d7e8ff7d50e7099
トゥードヘアー,Tudo Hair,16640,cbd752d433f39d14c0e2aae7fbb6ae04,668b337b4a720e54f98f1ad7d91191c9,98469d9df79d873aa6989116a84f1c10
ステラヘアー,Stella Hair,16650,a18a3e7559e3d82f17935fed68dba7ee,db7054597f8b8d9fff3d526ae17cea1d,06449bf3c946d54cd2cc78e62b1195af
グルグルツインテール,Curly Double Ponytail,16660,db4c2e458bdbee3d44b3c371e2e19d9c,9cf9b81a860ba3dcacb027cf6b9b8f34,97143fdfacef62831d6e6d776e374797
ウルクヘアー２,Ulku Hair 2,16670,d239649497eb39fc13a3d5c455d3b02e,3236c67ed1baccac56e056c591145315,d8db1e24c5d02022bb6cffe677736d88
ラヴィス＝ブレイドヘアーＢ,Lavis Blades Hair B,16680,c6b47e118e1f0134185f604cac3a8538,cd43fd81e8e9f29d1eb711047b69d8c3,9b1836ba1960abdaed6ac9948a4a4cfe
ポポナヘアー,Popona Hair,16690,b576071f61f964abe2ea7fbf652407dc,d92bcc069f1fa7408630c8d8f35e89cb,f7301fc261fe901b7160ca2e688d985c
[Unnamed 16699],,16699,04cb9fc54de6e80228a7a3eb6e4bb002
アスカヘアー,,16700,116add94c2856c91ffcf48723e8f77a5,8603325e51caa587c1f239b2a16834ea,69b6a1e29c04339c1f5d6c8a3dc0e9b5
[Unnamed 16709],,16709,7349bcdd20b0ae0da31033daafc88093
ローザリンデＬヘアー,Rosalinde L Hair,16710,0965b85a576a4bc4feca31179b3d79af,9fff096f2b6b9ae43f1f768e80f8d658,fe67f4259ad3ccd3628db1e352f97184
ウィンディスヘアー,Windis Hair,16720,4ae044bb59d8209662dae2ed53c5b48c,25121a41c5d269cb93424f27f2b7d841,094a0813a97d8c2e0f8342894999c842
ステルラヘアー１,Stellar Hair 1,16730,6a6efb217ae7b385585e2c2b41745d5a,c7f69e5eaf2c7a47ec0c1d9f7bc995e6,37971f794b27828400863ddcd8b68c2b
グラモラヘアー,Glamora Hair,16740,858921774e65a5856356f18703506114,8fef36b7e0ff8bbd699dc93c3fa64901,fba194d15b8bcf928e21d467e6530ea4
ミサトヘアー,,16750,b9fec5265c32e8ffad0fdfa764385977,69a24957dab23647151df5c755dcc0ff,064978a3f883dd4af236780cce31690e
[Unnamed 16759],,16759,c8b3ec58998b6f353493801dfa1e7061
ステルラヘアー２,Stellar Hair 2,16760,c4c2ec24924acb3e41886c9200e6477f,8d4c990782ca6b6200591f3816eef4d2,6c9f6b0f9c21d5985c989517e7ce992b
ファレグヘアー２,Phaleg Hair 2,16770,df88e9cfe8bac8d068c39fbc7727b653,2caac7f2b917e902874edc40154d7c36,5c4e9569deddf15a1d5bf54dea4b1f30
コオリお団子ヘアー,Kohri Odango Hair,16780,45149294c3fd284b2a60b5be52f8e7cd,8b1974ac291e0ed978aab82a565a3f8d,68b56f39f2c364a1994694926387fdd7
オークゥヘアー３,Och Hair 3,16790,caaed6f76e05cde87c9659a577dde379,cc743b6089de899997543cc4c2cfb06e,046a2c040522dfd4ec00b0d92ab0c856
レイヘアー,,16800,4516d8efc9fb28cc2a7b7eac9c2828d5,e612dd1a6018433566dfaa9444d35696,4787dd742ee8d021ca052f1c4629f0aa
[Unnamed 16809],,16809,214f36c166cb6ff9dbc007176126ade6
ソルリスヘアー,Solis Hair,16810,fac4dcd6835ecc8c455a0def50af8086,dec39b26dbc9727089f42e45efb25f02,61374e1157b0badd429f6d96022b5c8c
イノセンシアヘアー,Innocencia Hair,16820,5535b26378264fcd4bcf6dff34ff4451,e491e4189ffe0f3e32f6d7318fa0c903,af02f018ca4269398d258ea68e8a8f7b
ヒツギおろし髪ＧＶ,Hitsugi Hair Down GV,16830,4defabaa318c1732359c055805103ebc,29b24b389125c2d6d5bd3658734ec02f,a4ed332035a94f286fe8af732f09fb95
ロングツインテール２ＧＶ,Long Pigtails 2 GV,16840,2d8254fff479a81f9f7e005d73703fef,fbe57fc3a981360ba66f01fdd713dfbd,6494ac3a399ea54b9401aa929481801e
マトイストレート２ＧＶ,Matoi Straight 2 GV,16850,8ebba6ad0d8651a03cc49b5cd72303a1,97613138324ac06bf54b2dd6565090cf,76b6a7d26e40962694a10805e323fbbf
マトイループテール２ＧＶ,Matoi Loop Pigtails 2 GV,16860,6cf6970cbf9ac85ca44475cc6ad3b3c1,c573eac2412e3b821de4ad41fc061fd8,425570f84e7f042c146529f556b01ab8
テリザヘアー,Teresa Hair,16870,425516c28f86e2b265072b0fbdefe914,23afcd30f756caf670b6d6bb9473c595,7c15fca1640054ea46b0233037984e1a
シュガリーヘアー１,Sugary Hair 1,16880,d987cd77475d66028b3e95cd9ec38c39,422fa4062ab95d31b0af722862c0f60f,4622ed1eaea839b5c852679a3186b1f7
アベーユヘアー,Abeille Hair,16890,e4fb1ce7c6cade48ccdd964e8af1ddb7,743fbbff55c393fe6057ad4e1d71668e,069032147f9f34bbc396cfbabe7f0f84
藤花姫ヘアー,Lilac Princess Hair,16900,2a4dc3a3b3bea69c689364403b493a0a,14fd28e6d63e85e282e575db5174c188,f26807ec571304d240a711095965fb08
鈴蘭姫ヘアー,Lily Princess Hair,16910,b06a0486334f6cd26f831020b2bf7ba7,7218ae32a7929acad4299ab904071b68,db982bacdb600beb311d416f57489047
サフィールヘアー,Saphir Hair,16920,90a5e94a7edfa7cea5fa13ae56bd2f86,960fb75702ab0846efd88c247497f197,6df3a7c65afda4bab312c2ec72a21591
[Unnamed 16929],,16929,1f225103d3c1182d5b8df3f06ef49ccf
リバティーツインループ,Liberty Twin Loops,16930,c3ef5c987ecb1c6027845c5481f35f60,2761699053f267183e1cbec3cf1a5037,7cb8681c86ba5799a08106a76462724f
シュガリーヘアー２,Sugary Hair 2,16940,859c711751cc2eab7c7cef778bbbbae1,b6f3b320c8ad9726fe90a84ae6571fc2,d4007678af514dbcbcb6a05a0a9fa5a8
ゾラヘアー,Zola Hair,16950,db43c400729d61a3ab914388d7393f57,ac2f6867f21ef61513438be3951e4fa7,700aa6fb4adae54e5c341d6869eef112
メリッサヘアー,Melissa Hair,16960,882a972485578a9d95aba0b50f9264fb,fa08b8e88da68edfa9b57994ade2f1d6,8ba0db45523e1d534c2f137a846df702
ローザリンデＣヘアー,Rosalinde C Hair,16970,2841546c5a831e21ffa3855f04f25b29,d8f26854e87fd0a3a63a4ae0814eba60,cbcbf374b23e697fdfa54cf3ca9e8258
【双子・男】ヘアーＢ,[Gemini -- Male] Hair B,16980,504fa5a068a9bf8c33cd1fe4cf731959,8bedb69521624a02e6d932c68109ca40,175a7a21ae07101dfa6b484834e02fbf
【双子・女】ヘアーＢ,[Gemini -- Female] Hair B,16990,9f7415ef0bcd22f2d3a4b68fd4e74fd2,18485474f2b970f303a1ed259ffdc21a,6605b07aaf0d81f3755e6113ed62d971
クーナヘアー３,Quna Hair 3,17000,3f1dcd08285439cc101f90fb8699922c,bb82248ebe81a8d724f8aaedddc2baec,c982f44aef8a6c2c602875a3aac872a2
ゼルシウスヘアーＢ,Zelsius Hair B,17010,7454e4c55116a167e72e63d2317ae8ae,47efc80b6dba54ba64d59f4bc1789787,b8aa8442ec8c9089a6be3bc05eb08cd4
エレガンテヘアー,Élégante Hair,17020,7720116642dd64b15382017da8dad1e6,f41f22031dacd21e07a9130adcdfcacc,190e159bc2526acbff878fc442185902
アメルヘアー,Amel Hair,17030,e03280fded41c3fd6bf8f5577b864a6f,ee19933aeab7bb379eca084571ffe753,2848fc795a5c1e39556b741e36caeaf4
プワゾンヘアー,Poison Hair,17040,66d2f33a699213a2c522cf7a94c80ba1,337f9f5114cf3bf3fff69f15cb7e78e5,a6fad6320ccb33d5978760d7f5a362bd
ディスカーヘアー,Discar Hair,17050,8bd3c8eb9b8ea15689fd69cf8cde977c,1d22ce5970405282ab2f60d1111b5d06,6da0d5f58eccc55a44592f37127345d6
亞悪巣ヘアー,Bad ARKS Hair,17060,33fad89a034283ab8bc0d3a521ae731e,58b501c2cbc7023a1ac78b0d9aee9420,7e5e8a9a4cec06432a971fbb256a83fd
ジェネツインテール３,Gené Pigtails 3,17070,145c913418fea3bfe2c4b6d5e479259a,249289a9a3bedeaebd5f31d15cb90ca2,e17ac80b27fa2d09e15de194bef5920f
ホルシードヘアー,Holcid Hair,17080,d7c4c371f10cc2a5927b47c4ad45765a,b75c449d2197b299f86275eb60fdb7a0,6356ed64e1a06ed81af8aaf4c24fb85d
[Unnamed 17089],,17089,8f66a974c71e42a7216802cbf1876176
[Unnamed 17099],,17099,be04e7b822b086a3a3713b7c5a4b767c
シェイカーヘアー,Shaker Hair,17100,f94f753655e04db860ad30aa30b77142,c87885818acfd172a8344e1cd28a24ae,479855cba886c54be149bc5f77f003b5
フルータヘアー,Furta Hair,17110,8dd5387efd6748c1ab6e893db0635cb1,914acbec1c5c7f9dbbf8db47bf55fd85,ba96a5f72c4b2a64e336bcb40cac6900
ハリエットヘアー６,Hariette Hair 6,17120,999ac9b2aa13d3ed37893d74e840420a,6f16d84c67260b641ee8b51a15c8433a,68f7fdb0ca2c199f8dc5b1c61efeaa86
[Unnamed 17129],,17129,0ec2fd7e9c461bb2a1788b27b46f9a01
シュクルメルヘンヘアー２,Sucre Märchen Hair 2,17130,88c34eb2219ebc880086f1b94c3a8498,c7c32ad8df118d644e6f217faea67572,b2eede10df6d8c35bafb31c7c7a36e87
ナイトメアヘアーＧＶ,Nightmare Hair GV,17140,90ef76d593a1ee2cfcc09bc353e0deb4,2ceced29dd1c490787edf2384941188c,c353fecd74425522c51673cf86162a9a
ネオヴィクトヘアー,Neo Victorian Hair,17150,38fcbee9779507606dc4c936f265fc2d,300277971284e60515cb04607c500bb7,0b5e47fe59a16d188acb22b54464e1a5
ズーイヘアー１,Zooey Hair 1,17160,eefa7667e121d2bc219ad6205b11ef2e,2f24ea8060c1d7e5c943cfbcded16690,9baf2fb3a2fe8bbdcc2dbad5d21550da
ズーイヘアー２,Zooey Hair 2,17170,cf205a6e90c88afad423106fcdb6843d,2eec7d7f69d4261337340d66941a2454,83d49c6fe26110a92a939ca218aa2887
ドルチェヘアー,Dolce Hair,17180,8dfcaa588229f8c4c626d7f50baf2d3a,6edd1414bff0a89ad19193a975cf847b,beb698470c2d9201af18ef05464574f8
天宮さくらの髪型,Sakura Amamiya's Hairstyle,17190,581653a2ce392474c8ce79ab34f61aa7,ec621ddfb494f688d7adac125f03d836,e41e0a72e1c02fa78f3157c0fe85a82e
ホルシードＤＮヘアー,Holcid DN Hair,17200,213c3727ccc61b821d147770abb5c503,e18d8daec75b4b115de91ef80e9401bc,cddd1a392645bf2135d9f5580159bd76
マリスヘアー,Malice Hair,17210,edbe55b20b4542dda151a78c6cd1b8b0,6db35badd04be3dcd5e58e00dfefdb7a,7ec128561c8d279aaa9f46d77163f119
クリオーネヘアー,Clione Hair,17220,c9069ad0660337aa01669046ade275a5,896afde04d3e32895230ca9ffd8f327c,c8b84d26c360754edd7d3a0baba70806
ゆるロールツイン,Loose Roll Pigtails,17230,c636492e6aaa76d0ae14c1d73fa214e0,2b50bddcb55838ed121e9c98a48295a3,eb4030e009dcd230bc1bb29819d17341
アフタルＤＮヘアー,Aphtal DN Hair,17240,2a67a5bb49d69c8ac0f32f99fd2ae18b,0bdfe02a1579f08ed6817fceb97e0360,eac6338b813e55ff47b713f428969c6a
ぼさぼさロングヘアー,Messy Long Hair,17250,b8e927fb7a8c048cb74a3b35d3dac71c,0222058c73d50e9d0c5879f3d2a87436,c280414b3441fe409f39d0e4d1347bcc
スクァーマロングヘアー,Squama Long Hair,17260,e49b5ae2c29422a2c79cb912d5bca80c,9cf9ecd53d17d5ba58ea1e447f27108b,da54fbdfc6e7628bddf958af0e55f937
目隠しウルフロング,Hangover Long Wolf Hair,17270,f8d69503122f442d4ca69f7935bc6e96,a8a299b82f4a792af5530ee41d18d984,07ea3c7b3cab36d7db985b054d3bf640
アイカヘアー２ＧＶ,Aika Hair 2 GV,17280,799ad35d8c8408b67dc825833dd17ad0,9474d3672a708a7ced96f8d2aecb3d1b,ad7985164dcb5ee7900bce6617187a84
マガマガツインテ,Wild Ponytails,17290,9154d97ab9e4e7ff7734a5583eda4989,e23a3d9acd846b4819a34c35a662a8a4,8f0748a17d085c776e2370f7b48e3016
ＭＦＤＢヘアー,MFDB Hair,17300,15904869f75b72305641e22015b40a96,c61968861cf62d5178934485bce66f33,0ddf6b65a85555462cde3a3475aecf10
ヒツギポニーテール３,Hitsugi Ponytail 3,17310,27bd4bc63fdfd12908c2ad4bb533430a,1c6805bfee1a562f1369907c2577a9c4,ef601f99fa3da412e9d14a784609e463
[Unnamed 17319],,17319,a7fd61b2088d9bcc54cc29dd9bcc99d7
トゥルーツインループ,True Twin Loops,17320,eb207f884f28e3cfa5046a0644f6263c,343cf1570b800b682c3513cd2991411d,04f33baccd6766c90b545f524e2c38d8
[Unnamed 17329],,17329,a6e2cd12836dbb3220a6e0b755099638
ピルグリムヘアー,Pilgrim Hair,17330,2719a663b60f9e936595bb30754e36de,e9ea5ee7802cb9982385129c86f654a1,daad509e06702ba4262641aa6340d036
クレインヘアー１,Crane Hair 1,17340,f5a88b6ede6e0dae46a4f668938bc4d8,5b950477a880f98b71825036a9691f98,2d2ad3dacad729acd3ee84908f8d3487
アステロードヘアー,Asteraude Hair,17350,b4577c0bb56efe9278ec72ddd267a68d,0c9e44d1d5286e327fb233d609cdd594,2ec1853fc3b6c44fb41aa99e7d7f5a51
マリンツインループ１,Marine Twin Loops 1,17360,348f3d017d4ec5fd22992a1b912ad60c,c3b5f13fc63373367c0c1eb9f93bec06,7b1a778c3690a870f6041a5ee7e71745
クレインヘアー２,Crane Hair 2,17370,ecdadfdcf1f44db4993052a711c5c7fc,7ec675509b7e6b0392c4c65d8bca77ab,e57135385a1298bfbac22477e0eddac0
シュテックヘアー,Steck Hair,17380,d52ec9690a34ab9a6e61922992d59e5e,98f863f2dba45088a8554f7d645ab95f,eb7c8f119562c9abc37ff608c90a3b8c
マリンツインループ２,Marine Twin Loops 2,17390,bfba1ec3171e30b192891caaf942b80d,ba33b744e31a865de3f4bebb419f6db5,a9e1aba76d55d7ad7cfc804e5b626792
イデアツインループＧＶ,Idea Twin Loops GV,17400,a5c7ab584610c763f30be65a93bb5f0e,22c6e1c80f806902890014dbc19e650e,1d6059203cbf8c869c0a60f9f1d93f7c
ソフィスヘアー,Sophis Hair,17410,d505eb2642ebc30ce28f0f37fe1143f1,4c0a9a849530e9e34a3f3e8803d36dee,c40eb5374c9e2c23587f015d53369f18
アリックスヘアー,Alyx Hair,17420,7ac62918f79dd4a2bdc9d148fde6b0b0,107f69b23369f24b1b3e92facd87a4fa,22b7bd1317214cf807157454d46a1962
イノセントループテールＧＶ,Innocent Loop Pigtails GV,17430,1ab1dff6edc59d7107ae8baabfb18b92,883cd2d6e63d474b948486eeb8963508,45e9535989b2386fa0c66e3b6d6089d6
イグニスヘアー,Ignis Hair,17440,8689aa3cd3be46afd6a91ce2c394f25b,7dbdcc1abe90d57a25b2c3ee4c0186b6,1bc20b416078230989bdc7091555d12c
オプトレイオンヘアー,Opt Leon Hair,17450,f7f19423b01e16dc2cfad8948da13b8e,ebef3ec7210dfc50a9a4ed292f1beb6a,d83d3aad4aefe4324d0f62d88c201a4e
フェダーヘアー,Feder Hair,17460,23ad37603d684ba64d18ee9702a01c08,5ef0e59532cdb1e086082fa6a4d8bd44,9d9484f2aa5f62359f1fe26409f1e437
マルガレータヘアー２,Margareta Hair 2,17470,7b26850bd1cd16f36f7477d5700fd675,874341a0dcbbfdd912bd7c0fed543dff,cbb2e24202d3bf7df9539315ea99e3e5
シバヘアー,Shiva's Hair,17480,40009a3e476db1b622950930f01f0c0d,ba5ee117a525ac371e5f235a645b7e79,355de004d13ff2e3dce1095fa189d620
ミトラヘアー,Mitra Hair,17490,73e3a12cc99c7f45a343643f1b0b28f2,a7178fc57ac70bc51b558c0ec7fbe1b1,8ee42356d96bcef81b70982d68bda675
フランメヘアー,Flamme Hair,17500,8e493e349b7c95a3a5861721aa2e204b,07a690b8e6c40068ceb13daeed482151,208764bb8e29cf5413342849337eaa4e
宝多六花の髪型,,17510,d94675852b7bca05dd683c2dedae6d43,f2e7e0291343201abe8522413cedf0a5,3de7640f99381486acae9a42b47ebc67
[Unnamed 17529],,17529,bb4716a087b87025619d2b83ead9ae88, (Not found)
[Unnamed 17539],,17539,793ed5c8eae6666de754e9292f0a2fdf, (Not found)
新条アカネの髪型,,17540,f4785c588157022309fe475b325bdc44,a6ed4fd2179d6a326e51bfba814f2645,9f9683d2d4cea5d420da4e1849d41e3b
ビクシュラリボンヘアー,Bixla Ribbon Hair,17550,03bd58b558206aa3438bf2603f59b8ad,bbe870d318b7cbeb05e8f9a206039abd,b35a63c29175fea86a0ebf325fe08333
ビクシュラヘアー,Bixla Hair,17560,a7dcd9497a9b92a2f6f247fec2f0deac,0b8706c736539b33612c4ed528fa36dc,90b9599e17244c0c7459c3c47f4bd092
カザミノタチヘアー,Kazami no Tachi Hair,17570,915e8dd026de0670ad1027abab2930fc,79d84003097a2468a6be7e8cc73eb0fc,e73e20dc3faeec608c9a28cc7724efb1
飛鳥ヘアー,,17580,99f4ff3a7d387ebd1a6dc6a066e54995,94f5550703fd0edeb5f681aeadbaf9f6,2a81897abb839ab06413ec7dd16f191d
雪泉ヘアー,,17590,638947063127abd6dc3ff4d8be61b5ff,61979c6963bd1fef44405fe153e0df17,fed8a0313b7dc3c5631eca81d999e6e9
雅緋ヘアー,,17600,3687ffcd6d3cb2ff6dec38b4e1cf9b5a,43f3444801d3c2b0dd1e1cb9b93f7229,6f1dffa863b4eba099cc115e599f8915
焔ヘアー,,17610,ec6a7a50b775f7686b429853c5080dfc,acbbd497ac9d08142464149bb334b357,efe441c76d1c2c9527170f41e29c1c22
アンベリールヘアー,Anberil Hair,17620,2f62b891bc0a72ae0a8da4cf8a1a5274,8e257205129ea4501961fdd3b9433470,5b673e1f844e1da265e71eb899211d5d
ミクコンフリクトヘアー,,17630,d3b337678b51113d505dca98396a0575,518c1c54797b14de52f9d99bc3d7c2fe,6ada39abfc158f17d219f3c7c1accc3c
ルカコンフリクトヘアー,,17640,74721b6be5eca1df47ddd2d9a9e50407,4fd24b36a9f31264d7eecbf1be65a885,0a96ae94c424a175fcb4cd0d83ea9919
ブラッディヘアー１,Bloody Hair 1,17650,e10222c7541a7599eddc7598ec9dfb68,1106f5f124713e81f3cc716cb0d1b77d,e69ccde4dbbc7c05b33983770d838ef1
ブラッディヘアー２,Bloody Hair 2,17660,7b99938a9d09f4495ea835138453510f,6c98d39fb276720f96b6afd5d0bbfe65,7e759e7f3d52d43036ae4fdd7624a6fa
アスナヘアー,Asuna Hair,17670,333dfc4e9e4516f681053c971f2deae5,b4edfd5e129703cdfb2d45f3931fcf57,cc70c48bcb3c33dbd37ff763a086ba3f
艶武巴ヘアー,Glorious Crest Hair,17680,1873b7f7b7a9dacfd8e42a98167e645b,e9922df65364c1b32551d9f369889b1f,717afcc9ca576285dc973dd862dcc576
ヴァルツェヘアー,Wartze Hair,17690,d8c7c3cacaf1c0d6887a9196d75d7321,77b8ad771a44604785b12585b007adec,b1bbaaed41b4ce45ebb425d0a63dc447
フォニュエールミクヘアー,,17700,2587b7e797b25b5b101e8eaba2c52033,33144114c96e8dbfd2ed076bfdff4e30,2d8aef09a0a9be7ccfec8453cea99f70
メイコＶ３ヘアー,,17710,78a7c98b3429bde9c964ea30ba608f8b,8df9da293dc592e817d355f4c6a7b90a,30a9152d5b1fe0d497b41088e0d94972
ルミネスヘアー,Luminess Hair,17720,27446be1b0c955209c9b47ae470f8733,e7f33e7b036be4b388392eb8cd5a04fa,2b99b35b5c28d73d54e6ac1424da4336
ミクＶ４Ｘヘアー１,,17730,e46eda075a0d96933ff50c0c9b281766,de9eabcedd6c00b3ff38e9d9f104463f,b05f1b5422ba4ac6d644df438b0ac7c1
紲星あかりヘアー,,17740,d64f90e9d0ff3e720dacb43862d6765d,18825274fc97f276dc5bfc4c4bfaae4f,e321638090b83392136e5d8c26922eb6
ミクＶ４Ｘヘアー２,,17750,dad40d2707d2aed118ff07fd1ea5458b,17ba81dd4979064b9da230212609d67f,77226a44b4bb2cc831a55d7a56ad82b8
マトイカオスヘアー,Matoi Chaos Hair,17760,5990ba6c33fccdeff1a39414aabe70bb,56a49c9c595ee0fdbe782b94a92be260,91176de80be59d2ca427281f2e0c05a0
マトイロウヘアー,Matoi Law Hair,17770,3ada4bc55d13e425824e5e4411b4fefc,4004c75d9e8beb5df25415ec4b7d8b3c,57adcff3e215edf52179c693f63ffa87
ヒューキャシールヘッドＢ,HUcaseal Head B,17780,70b8f23d284c75f98449b40a77f9fcc3,f89697641172a16da2c89d0cadc9b25c,bffb22bae087b6fb24e55ad02688a7cf
プロウラーヘアーＢ,Prowler Hair B,17790,471c7d83de9e478a7c94ab315e5108a2,1e9fea09fcb652c38cdddaf0d67e099f,407752a80a87a473b86e1e2913afd12d
エレガンテヘアーＧＶ,Élégante Hair GV,17800,41e6638c8da80fbbb5cd7f3efba9e7ab,1f185da4e7afd4775edaaaef6671a36b,282ab26d27c9a678792f1cc33d6e640a
リバティーツインループＧＶ,Liberty Twin Loops GV,17810,3bb9e2be3eb930825b30ab60dc1e29f9,e62086046467fa89f90b6f54760d5208,189c556b3e586ce435e5a8155b473c5f
シュアンヘアー,Shuan Hair,17820,ae12c5738982ea337d1fecaff3b7b6ba,4549d7181b2f769dbbedd52e77e2c7ef,2f04c79ef18fe260ec399f9ed384bed0
パステルヘアー,Pastel Hair,17830,99365f3a036e0f7849bf32e3b2b80300,f331d2cf6b7cb027020d91f380c3380f,d9069a66913c6cf71653ec840733eb92
ピルグリムヘアー(JP),,17840,01fd5377bd191ec8a9c4e51e63cf27aa,594c309d227f53852eaddd2a29ffdead,135577dfa005daa3a312540f6d482e7f
ミーテルヘアー,Meetle Hair,17850,796dc711f0d874099b71e7ed53c36578,c6a4472a73f083c397bf29d3106b2533,699a3cb31257c368c8e7b6cb3ef24737
向田紗栄子の髪型,Saeko Mukoda Hair,17860,fb57822853b971f37d02909cf8403229,1975c6cab0b3f7711477e85af5bf3d24,01541c3ba6129735324b91d77e1748ce
ガットネーロヘアー,Gatto Nero Hair,17870,4f7b620d34a4587493717e27176ba399,d65e428de8aad8afb4a1461de33634e3,b17311f39b2009ac3722846875320557
レイキャシールヘッドＢ,RAcaseal Head B,17880,6990c0c557fc1a84ee34c7b88ad359ef,cc172bdbd346155d872c929546c9a030,dc550f816c8f57256a751f8bd15f7e47
[Unnamed 19990],,19990,74d8e296ce6e07613ea8a7934ab6c20b, (Not found)
[Unnamed 19991],,19991,2ba05075bd20b7f558a01de8639d7dac, (Not found)
[Unnamed 19992],,19992,7e02b586b2147b19296d3b11efe34e20, (Not found)
[Unnamed 19993],,19993,cb6918ef0fa8aff5157db985a789cdfd, (Not found)
[Unnamed 19994],,19994,cd142155817b42da67ac25b7748bad2e, (Not found)
[Unnamed 19995],,19995,74eb69326a292ee92930a6b8eb6eacfd, (Not found)
[Unnamed 19996],,19996,a08d38d59d6a7a7075caa66f6ddeaab8, (Not found)
[Unnamed 19997],,19997,982191e61e689caa61cbbc0899c8ca5a, (Not found)
[Unnamed 19998],,19998,5eb120c7ad32ef78ce04e0edd3d8b09a, (Not found)
[Unnamed 19999],,19999,2807ae8b2f72370b708b90a5ce4286de, (Not found)
