ベリーショート,Base Hair 1,0,efb19a743e29fd3c933314aa0bf5bf83,523622cbdcc87c88c9fe43c0b68b0ee7,702afd9585ae3caa9ac4f91259b15497
ショートマッシュ,Base Hair 2,1,36fb1b2bf7a7d0709990c9cc08b2bbfc,8847e711a563d3e8f333426c1d9b42f8,98c4ce115f603e2a93d4ec11a5bd4a66
スパイキーウルフ,Base Hair 3,2,8ae80cc20d0d673c8283a9fdeacfe1ff,024f51b0e993e40944325e8ea979079c,daf0c5b71c6ccb9782b0e2a7e94e90df
カジュアル,Base Hair 4,3,9953832efba0da45179b18be5ddb026f,c8dde424b06becad94fc2d790497181f,35318d72adec7c2c8898df78d6a95810
[Unnamed 4],,4,093b90c1bc5ef8bb52435995fd762a89
ショートウルフ,Base Hair 5,5,7e527286232c535de1af35c10cf81456,561362d07375e73ce2837e91f06edb7a,54b9ee925795c2d0794b3f710a62a83d
ミディアムレイヤー,Base Hair 6,6,884c7a65965aff223e0cb39ebd66ee5f,391f9cc8ce1d688b1d9254e273ee7304,b28cc3dfd2b498cb7ff31d952eaa0f9e
ブレイズ,Base Hair 7,7,0eae672f7afa2b8ab12673fdb289a58c,14d613015724d5934df1c827114b57a7,0616f4656ae6798eaa3d3b2fd9287baa
クラシックショート,Base Hair 8,8,dca05ed9a536241453bd963617830b14,44739d72f9bb8e935622e6bf1c5f2463,410e7c0046f1435bca0fcc41e79641c2
スパイク,Base Hair 9,9,69261e4589b2457b2b78508e76e9c076,161d5c1f27b9d95995cb2538283bcd3b,5fc2915363ab4aab9bd02a874ea4fe2c
ヘリパイロットヘルメット,Helicopter Pilot Helmet,10,804852bbffbfe8835bb5ec11cc387057,4f27028b42f9bbf045ce1c7fd6c13b7f,a712e012611e461a255e2562c2fe64e4
サムライポニー,Base Hair 10,12,68af207eefbb30383e7f0b17207c4d79,f0d4bdbfd5b021067838f44528853062,5193ab54c6d73f6f3cb1debc4b0d4a76
シャープストレート,Base Hair 11,13,d543bd98bb258ff024113d754bf215f5,485d64e21d923cbd4c57f84724aa7cf7,f9598589411f293f2afb894c88568dfd
ビグテール,Base Hair 12,140,f225fd53eab32b56ecd4f7a50ca6975d,cfdd21761c712a4efaffc5c533b61dea,0870c6364d9ec3ff0fff88b34a2bf413
ウェーブ,Base Hair 13,150,158b90456fbaa60649e6057cfa373107,2abcc24ef734c0532fb2ebb1dd25b414,6797b3061734441112943086c2fcbf0f
リーゼント,Base Hair 14,160,dedc331bca70726d5ba41f69b1ce00b6,33dac7117c165e078fc83b16a6832f94,2e6a792035066a55842d1e633ca2ccb4
[Unnamed 170],,170,a3d4e67e07e10c11e05ad1d95b39c513
[Unnamed 179],,179,868bda64c606d7fef16b74e2fcda71bd
[Unnamed 180],,180,3b0f732ea36d46fcdb945cc1230df081
ショートストレート,Base Hair 15,190,5bd594aec17d5c9dc727bbac23dbbac9,34766b569b5e7bce4d852b16c82b8764,5254416cde91302da7706060875aef8e
モヒカン,Mohawk,200,52922e62c84951741e2677af48261ca0,c99f137897a6c0a752e386101db9211e,a4456b83d1e152aa397904a44578f6fc
スキンヘッド,Bald,210,a01fde457b6bf810097b1a08ee3a2a3d,f7720f9efd53390a20607aca9ce7832c,49eadf752c33e39e284e1fea00f8adc3
オールバック,Swept Back,220,fd1cf54bca4b938131d4caf4355365ba,e676af74b08c8bbbb3c91a1808618b56,ddc4323b2d99f2b16a36daeacfd0c9c1
ふんわりアフロ,Fluffy Afro,230,dcca4cb5bbab52c294e7428bcbdb0cd5,580ac160fb381d8fa7e8e316184acf65,303dc347de56d485e07160bdbdaa7bb7
中分けショートボブ,Center-Parted Bob,240,027977c93a7556c0a39740f5988f0339,c42cc81dccaf3cdbb3c463f4138ba98e,7c3b6ef1e683c0a2481f2c929ce06d1c
ワイルドポニー,Wild Ponytail,250,da6dfe2c47c178b3edca3973cecbc06d,ab3fa02ed00b028aa14392619cf064f2,50af807e0b2575dbb17f527297d2dfef
マナフヘッドギア,Manah Headgear,260,bad64d5f50af2db7fa2c6d8f945e4e0b,72c70fea9946d96b6154c25497edf831,d4d1fb2f014dae346037fea61b2cecd3
マナフヘッドギア雅,Manah Headgear: Grace,261,7d0edd0f56cbbd5036aeb49a70728328,837d5e277dc94ec28810a0255870887a,217fbd3d78fbc8b17873a3bf27fab428
マナフヘッドギア葉,Manah Headgear: Leaf,262,fbcfff43149f92ee8ae2fdfbd5558b84,1ada71698e22929ebd6715f1476afba9,2067291c8dfaf0235373772ce95bafd6
マナフヘッドギア鋼,Manah Headgear: Steel,263,37bba41abf6eb4ac8fd251ca77951f5b,4dd7d8d9b33ca017fec73f9d8056bf6c,7b696cb5478a18394d784ea611db7207
マナフヘッドギア陽,Manah Headgear: Sun,264,d89536da981c46b677928915b9537ce7,c5924eac9fa2483d79fbfad103be6671,33be151cbcf1f994ac359718f10574e0
ミディアムエッジ,Medium Edgy,270,c3f98d030859a35892f17e86e4e6be4d,812ed2332f040c8bccebead43c89c847,f94a344ac2c45ba858cb4ad338b21dd9
ミディアムクール,Medium Cool,280,ea8bc62d8a69fd1dfb65f6a319c899c1,0d79a1539a89e6ae5afd080d33232971,703ab95e61dfb24bae3de5af174164e0
ヴォルカノメット,Volcano Helmet,290,a18a7937cdcc7670865ae30de780af2d,b1f2a687f605a178006a3ed28aa160ca,9740738adc280ac1e52e1edcd3eec63b
ヴォルカノメット雅,Volcano Helmet Grace,291,afe2fd0c30d79ee950b636b0ba77fe9e,d2d1c668d57317130d9b283d79545d86,947dfc66b7c9ef996ef19c1c20be7cc6
ヴォルカノメット葉,Volcano Helmet Leaf,292,808c93a5dda88b5e57a9831425688777,5bd3be784fa0ce56ade7dbe54816a71a,7134b4f20f9b5e4c020695c5e448c620
ヴォルカノメット鋼,Volcano Helmet Steel,293,306b2f0af3e5bd7c844bb17f071a9000,ba6648051a9426a4cd02bab8e5fb9930,24e6e7bc1f40f2907f6488da1925d6e2
ヴォルカノメット紅,Volcano Helmet Ruby,294,c8f10fb3407312422d736fffee2b33f5,612bca4803807229a4a7b41faf31289f,679d9a267a1ba5a9eb9bbe418bb6c6ea
クラシックオールバック,Classic Swept Back,300,8c42d43e3b09e869147f6006a39a100f,0348c84e29044e3870ffd16567c37143,37ce37bd48b42d16be57ed6484646f3e
ヘリＰヘルメットＮＶ,Helicopter Pilot Helmet NV,310,85fcd23179dac9a92c25cd19e819a26a,42d898b112eda485f44afa584df57e9d,91177f15b12d00c4e9bcf287d1efa102
牛マンヘアー,Cow Man Hair,320,c9e9fe85310c2f57f7b593958c67690f,17e4c1f0b71e10122a9a8619fc784916,e469db49897449d1657c1da0ccb5389d
アキラヘアー,Akira Hair,330,c252e1c7cf26065e5b3837ddcd2326c3,20fd4da9cc6c5adbc21f7c8eecc066ae,304051cadf3648ae230742168f718014
[Unnamed 340],,340,ceb084855f040dfb2ef442d6019caf06
レコーダーショート,Recorder Short,341,e4bf992be2afbf5124c4ea444674b0ff,3edd9e3871d4a0c6c7d6cf2c67d93b76,742631667eecfa077854398d3144af77
アナザースパイク,Base Hair 37,350,bacc1cf1182b0536ff77de3b28017351,3e0ee333f910e709103adfb124393fb3,860756281cb97cf34cfd5875ef886fdd
[Unnamed 360],,360,9001e7d963f651649cc0c841939af06a
バルバトスポニー,Barbatos Ponytail,370,a61598e8e8aa33e1b80be05e53601343,ed0026e6902751b4b15cf1b1c998c0a0,2e9d1798783b2d5c32603128ab9376c9
エスプレンドセミディ,Esplendo Semi-Medium,380,ead6fe524ff0aeeb1d054bc5291e3903,eb744a774a9dbc9a10069bc9b155c2e7,ed9368fbab72311ce3a8123a7225e2f6
オニオンヘアー,Onion Hair,390,c84497e8ee698f256c36d6b70eefc139,387b6a4eb14f8ee87b8c87f36bfd3e5d,7dc9829bc10d30729255a678647cda46
共闘先生の兜,,410,5b5418ededd281ce897f55e3001b55c3, (Not found),40fada4a16b4419e660976a2a6b71258
アシメワイルドウルフ,Off-Center Wild Mullet,420,0bc297307aaab85c91ee4c781fa241ca,c57597d5d7d30a11fe030ca987c1602f,9a87cc3dfc77c025798ff7fcb550ac7b
[Unnamed 430],,430,1e2a268d7499be033894421999fa052a
[Unnamed 440],,440,04bda9330b676819d449c91f733c1a51, (Not found)
[Unnamed 450],,450,4d2042e6f678fd883bd870b4bb2b573f
ラフレイヤー,Rough Layers,451,02c76ae4a609bf1126aee986d9241131,5791f1e1f84e0ca1a0c4c16e750f09d6,753c0e5a3dbf1ec157dcc3e5976f648b
Ｖ系逆毛ヘアー,V Style Teased Hair,460,89d3ff9cbbe41de0fb0cdad3e9feba53,167e38f4be44f25ec41dbdc81fdc836b,9b33a92873b7ed83c023a74dc690148c
[Unnamed 470],,470,3e33f2f06e0143d56446ab96b6cca751, (Not found)
[Unnamed 480],,480,ec5923ed375ce4bf3b31c5095c9c5d84, (Not found)
ふんわりセミロング,Fluffy Semi-Long,490,53a0cf743f4cf33d0be90ab5ccbf86a8,bcd7100f9e02590ab9391641858deece,e18e69988d767d5a3b94ccfc40db954e
トゲモヒカンヘアー,Spiky Mohawk,500,c781f75ab2d4981c7619d351a905aea4,58f91221bd959593384dc845d3b27a3e,9d32140e5046d1d1379c0ba503da61f2
ラフアシメショート,Rgh Asymmetrical Short,510,3712a82bf19931894973a8fcda292652,8990dd9ac59b1208afde13ff3ae7cb1e,81b8b1a5376188e3413edb175db4954b
[Unnamed 520],,520,b1bd857412bc54313cf21d6b7648129c, (Not found)
[Unnamed 530],,530,cf02f7674431071a8036f7f3c3ec06d3, (Not found)
そよかぜロングヘアー,Breezy Long Hair,540,bc4f5b1019d95d1cf4b5982ad381e400,e8197385cc6b13cc8980a39138149853,483e3f3013fb6b676b247a7d631adc11
[Unnamed 550],,550,a2fefef3cf26d276a5f7c9b7b715a64a, (Not found)
ツバサヘアー,Winged Hair,560,8b777467b9179553474a1528767ee3d4,f814fa98aa8e2ecc313b4fd74add0246,fb1a9f7f27eccf2a10f1a8c20b87830a
ショートパーマ,Short Perm,570,02f87573a27f191e34c5ab10e6c8b6c9,fcdab5754e261c6406c0b812f770dec0,63dcb111da315659a896487667f43843
ショートアフロ,Small Afro,580,cbc0b91f81e4780ba9f322ff80c217c4,9c8f5e7dc6de407006abf4ffcfa9e338,188edbed2acb1734cd7444237ace6f97
レンジシカツラ,Renjishi Wig,590,f9384640cb50774a8d1e56b4cef87d13,334d9ff9edcb519be849f81c9480bdfa,c2241679568a358e4cb072c7fa9a795f
アルゴンウルフ,Argon Mullet,600,d1ddd483d917bc16c7fff3b5abab1456,a087f8cff79ded13e2b0e525abee3d06,cc2621a5f8863fddc69084f9d4d45fe5
オウガショートカット,Ogre Short Cut,610,112a9e3a83d39a8261211c714b6b9983,f6e0cdd2fc8f5b980516d27282b6743b,6fb80e74e042d38955beeacac86d82c8
オリエンタルポニー,Floral Ponytail,620,b0e93f9d59ec52bd754f67c1f0017d97,4ab0a9fb7ced14b61ceea8881541697e,1327dd5dba8467786129f262938c710b
オラキオオールバック,,630,a6d51f659072fb22663bb9e394e81817,1c2198fe316ff2262b2039c311991cb8,55dee01febc18802de2ea11704b88865
[Unnamed 640],,640,dada8dd62f50ee2437a25c7a8d62af50, (Not found)
ナチュラルショート,Natural Short,650,1ceb28dd919a445e3f9b9e361f9e043d,2efe918d827908a5193320c3424f875d,ca2512e5cf9d98300be74448363292ad
オフィサーツーブロック,Officer Undercut,660,3a12bf0100f3ca65f54b1eb0acde071f,9e2ffb3efc7c008d3ef4753163669981,a2cb872c86b7f32e030189842f8a8008
[Unnamed 670],,670,b221d2463a1c157461f88e44f2095f78
真島吾朗カット,Goro Majima Hairstyle,680,866188981fee4d53196bd0aff18baafd,3fd0f2f5f3ef3cbcf21a4e9e027558f7,cf10a8552b3d3624bc7b2bb93d1e4168
斎藤一総髪,Saito Hajime Topknot,690,39d7ee7803fe05f871c345e6515757db,012c92c3bf198616ff778c4156764487,31339b0547fc031320477640e8495c73
テムジンヘッド１Ｐ,Temjin Head P1,700,142dc210b082eaf9f806611fe9bdfcf4, (Not found)
テムジンヘッドＤ,Temjin Head D,701,533ad94dc5598d857160b2794da6211f, (Not found)
テムジンヘッドＲ,Temjin Head R,702,a9cdc27153473ffb1adabbe19c4d9084, (Not found)
鏡音レン・ヘアー,Kagamine Len Hair,710,eed890cdc8201f2aa0c7c1299bf2c69f,40637d0070ff0150f6b79228e950f1ba,932bb20aa8fcbffd244c9a6c63cbe00e
[Unnamed 720],,720,d5dc4f7bdf55a4d19a130f21f51340b5
達也ショートヘア,Tatsuya's Short Hair,730,0206359092e1b04618244517b9bd62de,7484d0f7312a47906972a9d7b53ef1bd
トウシャロング,Tousha Long Hair,740,a879d8469ea87b4f81452d22ff1af6b8,0840201bead49868d5828d947a9e2839,db9d7559b0dd6f3259e32afa3cfd6457
バードリングフェイス,Birdling Face,750,36e133a25a4eb116a463764547d1f848,bfc48d4bc57fac0bfb938db864313f22
ナイトギアフェイス,Knight Gear Face,760,f6811c9e370162b423986cb5516791c8,24d89295faf4d6e2c5407cbe6e127304,6787973a13f78c02895be4e59a253f5e
前分けストレートロング,Parted Straight Long Hair,770,b3d6f72eb3b84c69bc683d1a09ba6480,e4bc75ed0f59346279661be0cfe0d727,35de47e317537f18308dc3120d35135b
マガシオールバック,Magashi Swept Back,780,f44f5bcb15b9b9f5618349d20fa1dc12,658b59265b16658ca38a9ec2c3f3444a,a4c09d8f16321a85763dbcbbc1764c55
士郎ショートカット,,790,4f6630e42291ec370653e829054a6a65, (Not found)
セイルヘアー,Seil Hair,800,b480bbd9d8fd83e8466389c1d5941e84,48f2f844433c44f1e7084feac1f67f18,d2acc8d9cba3d8d5322bb2fa6498c11f
パンキッシュヘアー,Punkish Hair,810,6a02f81aa998ed76340f61c2c2a9e3ad,2435126bc74ba4f70dc54b1a3eef042f,875a924c5e8d113c5772b46d22342952
進ショートヘア,Susumu Short Hair,820,4af195f7cda0e5499ec58385736907d0,e99d8220f00f3c6b6dce79443a6ae53d
アヴェンジャーショート,,830,47f892921e2a4e584dfdd067e3fa7f3c, (Not found)
キジンカブト,Daybreak Helmet,840,dc1882d665ef2b41a972e5f02252aaeb,337cb25c78fe58960b503f642d4a0e74,a8a0192312579708af0a1ea08f2f439b
キジンカブト雅,Daybreak Helmet: Grace,841,a6db20077f8fd3d01b7f674e29bc335e,9788cddb378580f4c7e7f8bc24ac2147,1cfe9b3d9e99df66230cf9c4a8b32c55
キジンカブト影,Daybreak Helmet: Shadow,842,2e25ed5664dce32ab213060d372fb552,384876003ecc5138994be3dc684abdb2,59e6989ed080e37155157117c0c0f584
キジンカブト栗,Daybreak Helmet: Hazel,843,ab0a93a18d69400fbd263cc618c59213,920fc63d82fb73651f088f706bcd8749,f95b046e403c1f9ea0e4e6e590805ba9
[Unnamed 844],,844,101a22106d6fa57d72bb6d4daee39912, (Not found)
ネオヒューガショート,Neo-Hyuga Short,850,6261abe37fac2adfcb98e9183b6a6cf7,bff39ded29319440a6f9749e0a6341e0,b937bded57db4a45209c65cae94783b6
カイザーヘッド,Kaiser Head,860,3a951805feeb7960486b7d4ebe342bc7,13aed4266c646e2b489ae829f38fb0d3
咎人ショートヘア,,870,5451670d1e19235f98bce5bce74c764a, (Not found)
シズルヘアー,Shizuru Hair,880,e096fd98eaa6670bd3afa5f0a995b8b8,ba12b74f30bef7429c7dda03f89a0ca5,d0dd0bec658f8158f3ba08aa30ea86d2
スレイショートヘア,,890,062a96fdf2e34ef89730ffe8af0ece90, (Not found),5035415c3ea91c8ceff707471e9f60ef
デゼルミディアムヘア,,900,de877b40cf65a04fa4fc2e9a52c9048d, (Not found),2b9b1331cd5e731536eb315f42f7a269
刈上げショートヘア,Pixie Cut,910,73c525fda939618cb9e01e691cca6a53,9f78a166934923d2a8c146d194f46227,dfdc8fdc691b6f12e8dec8df602b6662
カースドフード,Cursed Hood,920,36ed19773a7780be3fe7efe1da116020,b0cb13d38ca6ce8d19f239e74feb2fce,482a7eb968495d76996bc0a8fb866342
カースドレイヤー,Cursed Layer,930,14e73988358f8bcdcde8e76b8bc3731d,2165c505474e4c980fbd31a152fdb8da,36cce4004136c72c0007d8766b9530e8
ギルガメッシュショート,,940,c92386606465da170803f5d456372083, (Not found)
曙光結い,Dawnlight Hairstyle,950,5f6b98602d57dd06c1e1752a87d19615,ec2f694043a6220d182f6551c735265b,98386a9563d770c6f4aa559c95cdfc1d
ユーマショートヘア,Yuma Short Hair,960,9e8a99e9250cd111fe5f8b1399dffcd5,9eb81393766f2c15ebd4fb45594d6a83
ミツヨシヘアー,Mitsuyoshi Hair,970,ab83f81ad90a4e2a9f0ccac0c9623ef4,0d487530487f9d3a7e11762738e55e7c
[Unnamed 971],,971,0a0eb11acd2b6bc978ebc5d02c77d4ec
ナツスパイクヘア,,990,39232d82e656806a9bfee0bf6a6c6efb, (Not found)
ラグナウルフヘア,Ragna Mullet Hair,1000,23fc037f840cf780eebe2428d9453c2b,b59733a01d34120c0aef0c967679417d,d7573ce2a6eddef5bc51984666d0847f
ジンショートヘア,Jin Short Hair,1010,c709ca9027e4d842a5b8797b3d651573,eceea7976e84904bc7c4d3164750ca2a,d479bb1f2725b7ac6a9d8079611f7d6d
ニクスヘアー,Nix Hair,1020,617d09dcc96b3202c477e251f1714687,e3b2627e39a9fbb22aa7fe282e62dfc2
[Unnamed 1021],,1021,f4c9037c7ab06fbb7f364e1d4ac2656e
マイザーヘッド１Ｐ,MYZR Head 1P,1030,a355e51ec0192f6b18321e4a1adfc1d5, (Not found),2b6051e67612c977a3df731bc21826b1
マイザーヘッドＤ,MYZR Head D,1031,ca699168b4f2f4fcb7aa1ac19d8dd05f, (Not found),7adc1410ee114a355b39d319b1c39ec6
マイザーヘッドＲ,MYZR Head R,1032,cd9f0cb5c72d3c0fd5f80f53eec88667, (Not found),a06fa1207e8125f3354a1daa117fc47b
テムジンヘッド／ｃ,Temjin Head /c,1040,8f12043030bd9b9e809ede10f9a8f6f9, (Not found)
イチタローヘアー,Ichitaro Hair,1050,e6ea20ae720c10cf5c5b5ad8d5ce076e,86e151072f82e32f7d49475f6abceb8d,45aa1d129c7722ebd1603f040f0b0e3d
[Unnamed 1051],,1051,1c29421eae663d194012ff714791cd3b
シグレヘアー,,1060,cbdb081216a6067fdc4ae1a371409ce5, (Not found),ca405c84b064e594037129756cb1e43f
カイヘアー,Ky Hair,1070,667bb6f0bd1f8fe6ae14fa7abe6b3e37,514dbaf2300c7fab598008fbead7b60d,9b1adcc0a46568ddc229b867d6730d8e
ソルヘッドバンド,Sol Headband,1080,12fc4b8c7e34efd9d09887a330f3bbc4,fbc3e02616a0d77c6cefccff610d35f0
ドレッドヘアー,Dreadlocks,1090,d447d07524ab716d0d6d73abf7fb3433,3f5d10bac0f45130af7154b05b776c60,b374892fe70a62fa467b940aef322c21
ナヴ・ラッピーフェイク,Nav Rappy Fake,1100,e8a96180ad4dce7c8c8666aa6e4784dc,dd44d620c7e86d6ff5a609336408d378,7e973e3af165c5ebc7026dd1b0ef5802
スチューデントＳスパイク,Student Style Spikey,1110,3ca415ce93abafad074974e3fdc001b1,bec635c00b9fafe49c059def9c3958d0,58e7ced77354241f9f5cf291bc24a926
[Unnamed 1120],,1120,1d67f17bffc9403438e9e6a3b12f9152
レイキャストヘッド,RAcast Head,1130,f16e62c0301ea6bc26e9da4286e8fd09,5e128a8b8d337ddd3d200393feb4fe87
フロウウェンヘアー,Flowen Hair,1140,dc5c45e7866996e97285c820b7c16cef,ca9ba230f8b8c6df711b8fc32325a930,a77e4ecc601ffcc01ea585fcc901b53e
[Unnamed 1150],,1150,ac81aefdf7af4c8c5cadf7e2bcce8886, (Not found)
ゲンガヘルム,Solitary Helmet,1160,8af1d7a4fa6d6e8d9c7a512ad227bd43,50c7439df9eab2e939df3c3caa129c7b
[Unnamed 1170],,1170,5524410dd6b2c71c2a67bb6d3fa01012, (Not found)
ゼストショートヘア,Zest Short Hair,1180,6a9281113e7d79cef4b805fb7f7f2f7b,4e9eda19499ac390ffb04975ddcf49b3,56f6da8964af8bebe0126e3882366cd4
ヒューキャストヘッド,HUcast Head,1190,195db633ac4ba102384abfaa45139814,d17af2418cc20ee45c348f38b4585296
ジーナスロングヘア,Jenius Long Hair,1200,2a19efff533c46ca564388f81e791050,f6cd6e0a586983a60cb9604c08747d55,6081cba1ff107f4520668da7ebb12923
クラシックロール,Classic Rolls,1210,974cb70d5e2e03e7dc72743e34696469,a8195a4f6e089bd4e839a8497cb7acba,94e08649f27f880d9017409855364d12
リィンショートヘア,,1220,0d81a7fbc107d70873e97cc2e4d834da, (Not found)
ウルフマスク,Wolf Mask,1230,f4c90094e5960c17c089ba07dc5369af,ea45a83b3b119084b58056f7127daece,891ae44a0f5cb6a1c7e4fbb634685253
[Unnamed 1240],,1240,e1274283a3e1f1b3745ceb323a410a8e
ハギトヘアー,Hagith Hair,1241,d73b2e74a0cb9c354fafae7fda54f400,d964a6b230085677980793ff5999544f,054438ed58fa34b88cf454109ee420df
キリアスパイクヘア,,1250,1ed0da3a037af607834339933c6e933f, (Not found)
[Unnamed 1260],,1260,fcf7f29be1e6cb33e893f44e65cccbb3
[Unnamed 1270],,1270,5fb858ae7358215bbd916bc02bdea6bb
アルショートヘア,Al Short Hair,1271,100943a0033cba396d5c5a4cb214c964,514830b2b22858f8c169daf2be52cc07,fe208206cb7630c9adc746c8aa1f78ff
[Unnamed 1280],,1280,4e7ced52734dc58fd5f23bacf76bacd7
エンガショートヘア,Enga Short Hair,1281,c78cac2b4579e09a478eafdecec690f5,9363ec1d9f2c8e1df0d5b7499dbb71ff,c556aeb840968ea9c64600d01f8399fc
武人束ねロング,Warrior Tied Long Hair,1290,48d7c988a4c52a9fe1e0dde9900e474c,0c6eeef9a23adb42c5602896ae2a1fe8,0e79a16a705f8faa0551fe335ae4f67a
ドクロヘッドバンド,Skull Headband,1300,64c553995bdc1d3f394c440d49b1f2eb,4558285281cb577f6d8c9fcc003a97fe
[Unnamed 1310],,1310,6ed3870e39913dd904ffc82d40f2f0b2, (Not found)
マッシュウルフ,Power Mullet,1311,f2cccd8f1db294781f821da73a8b1240,857b53348767896afb4f8c0fdabc4ef9,700ae7179b0ef4a6738abe38f5110785
イツキヘアー,Itsuki Hair,1320,ac45761903a354a16a0f4429ad26e67c,61a7633df5494ab1605b43afb481f9e9,991aec084deeac32fa5b783da1532ca1
[Unnamed 1330],,1330,de1bbea5c248c74eda1ee8dff4f99fc9
ユタカヘアー,Yutaka Hair,1340,6d248e0abc4acaae0201c27c75cd6465,2b27d7d3f1df45b80e0577d08054323b,3521b1aa066edf42d6c3571baf40e2c6
[Unnamed 1350],,1350,0b36cf769285ac6c3cad0410f274d6f8
ミコッテＭ・ヘアー,Miqo'te M Hair,1360,1a3e43f93c84cd0a018478e19f07c7f3, (Not found)
シャオヘアー,Xiao Hair,1370,ed70834071ecfc911defa7dcd514ec46,e6eb8a0c70598781dc3045f810762d2a,ca896183240861173765015bedb1f75a
ショートセパレート,Beveled Short,1380,e4996125c6fea9ad7484ff20405c9785,671f72cb998e986109b40e502853d279,7c3f94843fa4d5bd4716504d35988e50
クールリーゼント,Cool Pompadour,1390,c48a819a4f749fdecd12128fa4af3c22,63de6e8238667f0097c992cef0847117,38f2f65a0116b3ad58a6aa1b6c57f63e
カオスバーゴネット,Chaos Burgeonet,1400,f0b4cd447549a73818a98cc5245d92c8, (Not found)
ウィザードペタソス,Wizard Petasos,1410,ce4be4439ad57903487044dfd4f19103, (Not found),239dd3c0d2bae723f64fda26a1680fa3
コウタヘアー,Kouta Hair,1420,bf9a4caa0b4fae468633d635697ea970,401f609d464939809a640467e0f6c6e6,f59ef0fa5b2a227ed678df83130acfa2
[Unnamed 1430],,1430,0436833dd606c51b0326a9d438400826
[Unnamed 1440],,1440,ba94252a691b9c92ea941a4662108403
大神ヘアー,Ogami Hair,1450,5cf67c2afac646979f7273a8fadec106,9b3ec6df594bc1a86b28d7352d236f4a
イツキヘアーＧＶ,Itsuki Hair GV,1460,5dd43774f0d48aac6a5b667734cf5ba5,9155fb8a77fab5531abf1364177c4bf9,db4f37f7d13f433e9af27001b49ece1d
[Unnamed 1469],,1469,b18b9e9e16265871755769029c93ad25
[Unnamed 1470],,1470,e71ddaf578d3d03793a444dfef7466f7
[Unnamed 1489],,1489,8c17a29d949e14c93ff8d5ecb4e88cbb
スパイキーアップショート,Spikey Short,1490,f080a59612ff56e4f45fdb81b87139e2,c341e5cdd915cce5e5e5acf94881b81e,3a2d92d8e6d545a898b77af1ae483aad
[Unnamed 1509],,1509,df75c51c16551b187810fec09e43b851
[Unnamed 1510],,1510,0d0af9be71f30027e021745991b9ac2c
[Unnamed 1519],,1519,ee1ff3a6d6bbff72fd10062eb8f2c8aa
刈上げボブ,Parted Pixie Cut,1520,1eaf32972ccbab442d67908f9f439b29,5770234dafd34757f8e19532e8022a8a,2e9fe4cdd8686f29d1ae93a862d68b35
[Unnamed 1530],,1530,bdfc06dbdedaf373fe2f8ae4f9494a97
[Unnamed 1540],,1540,3c13a93fa9e600aec73a337276bb50c0
カブキショートヘア,Kabuki Short Hair,1550,aa6137abe99cd097671a94e68cb7ae53,8f2adeff96b30a6ca1318e12a4804322,3353e27723ef49e88b27739b519a79c8
カメラヘッド,Camera Head,1560,eb87564d2fb0b567e0a52aa1aa0edf90,7d3ce0afa26146ddcc4eb9049a4e8625,f65822f216989dc86d9add449dd6f699
[Unnamed 1579],,1579,fb062eb7e61558e14d98b85429822139
[Unnamed 1589],,1589,136c35aa37cd43c0ad61c6dbc3e90e85
[Unnamed 1590],,1590,30d3f217454c7ed293b67531592fe029
[Unnamed 1599],,1599,1793df6b9ce2ee4b93469ba12ec9f296
【仮面】ヘアー,[Persona] Hair,1600,bc40ef1cd94d1227fef77be2bf10c855,b6f5f4a047049f75229970eca49ff4dc,fef81bd57e95bbe91b29d2e1abff896a
【巨躯】ヘアー,[Elder] Hair,1610,c855b95ea780caed845bc1da1375470e,09595408ecb6361270be8064365ec258,495414454398414c5f5d1a79ab62e995
オーディンヒャルムル,Odin Hjalmr,1620,e622f148da69fbc7652f45fcf3b66a3b, (Not found),787db25b07b22107417b29a54647b5f6
イーサンヘアー,Ethan Hair,1630,73523c705ade127b727f41492d72065f,61de699ce53256c46d3b6663e6f90692,39d4423d9ab1954d6fda1944e0aeefb4
ウェーブミディアム,Wavy Medium,1640,1053fb0e909095962430f0829fb2f42b,296f8b13fb8cb1272c4dd0152f79beba,7f6489f080b7cf795b379f6bf383fcae
目隠しアシメパーマ,Side Fringe Off-Center Perm,1650,baf14be07bab411f55c8b82fcdf2a80a,708573ef22e338fc0a36a249b1afe962,21d4e0b461833249978b065c5220e747
ヒューイヘアー,Huey Hair,1660,8dd8c06f65cb02d094d7c4db1373e584,fc3fd054e42244be6a670f4db231259e,94a0c7d87c5aaa402d42b4b5e253672c
[Unnamed 1669],,1669,6e1044d6a198484bf43622f209087f94
フォリーヘアー,Folly Hair,1670,2a97dc581d55ed0db8f0bda3a264e1b7,a0d5ad9ed97b57b82ea0e58a1fd9ce38,696e8683b9854f34bb7736b32b2d6636
ゲンガヘルム２,Solitary Helmet 2,1680,fc3ed8bf4b921542fa26aeefce77a744,9bb406a6a2eeeb3b3217578a8b75fca7
魔法の派ヘアー,,1690,a48fa13a93fb9ca7860a0c0a4ecc5e22, (Not found),357e0f121560939fdf663063af6e664d
ハウザーヘアー,Howzer Hair,1700,393e9437320b8da47445b34e9b465f9f,cab9d99612249f46ee10a733e99e54dc,3134b1a187531876c36e97569aa1b3ac
アーデムヘアー,Adam Hair,1710,76f3554d76fcf573c753398260f37085,96064d269d457bfc58c32e2fb9fc2faf,e27832bb75d36ad1abcf9ab83a19e137
[Unnamed 1729],,1729,b3287bf61b73fbf16e8e1d8d3011d1b2
ウルフマスク２,Wolf Mask 2,1730,5d37b178b9cd300669361c4c9c24d470,12063527202a846b75d31bf902b34561,2a0f6aae388911893444e350f84952e7
ジョーカーヘアー,Joker Hair,1740,1477898bb6a7e39100fe317acebca88c,58584e07bf48e5d8be3ba75b417d74ea,3a1cd01b02bbe7914dfdf322d1b2e212
アシメツーブロック,Off-Center Undercut,1750,4d48cd354dc7a7285163899c23adb58c,a8d0674df39515f205276f5722554399,145528b65d0580ac185b1e610c01f2ab
エモーションヘアー,Emotion Hair,1760,c382c6b359c97fecc5baa972d587d47c,0004b20d7e646ee6b5b18a9c5666211f,00adeb8a594b4525b4165e1021b1c1e3
【敗者】ヘアー,[Luther] Hair,1770,3557a0a31f0010312fd30b5c29fe7f55,f549db6f06cb3b4849b448aba5beba4b,eb523e6f53743bd71e38f5b0d8eb13c1
勇鳳ヘアー,Valiant Phoenix Hair,1780,e00ddb1482aa3af9c5b18fad7419a016,6dfb3a40b06a6d8e6ede07c937ffc0f5,31c193bf83a25a97f2d80548936bd6a2
ヨルハ９Ｓヘアー,YoRHa 9S Hair,1790,cf371cef111f0e0eb17aa565bbc84995,c9f23d4e40bedfff2ac90f68533d3ec0,6325890a57ccf26e0a5973b77a4a6724
ツーブロックモヒカン,Undercut Mohawk,1800,a1a4cf5dc9791adb9870b6ec9a4de25e,86b82b6bc32d91c85099de5f7124cff6,4280d330bde4dfcb470e28144c0c3b1d
リデルヘアー,Ridel Hair,1810,412384ca7866579e7d95aacc9324050a,b5a0c37db3f68a9ea8dd3ff8ec5a4c7d,03d3b52e4eb4c5d6a2e318ade9f8482b
ボンズヘアー,Bonez Hair,1820,db5b547af0eec7f45c4b895d5c9d2c3e,bfecc00206801efdae6b0dfe20340e6f,771ed0d9fedfb475a957ff1adc3055f3
[Unnamed 1830],,1830,0f7330d995055b353687436fc026cabd
シャンプーハット,Sudsy Hat,1840,68207f4a0e1dd056f7f88b383fbc68fe,69b61d5d909017c5e24b3ead80155069,6919edb43a94f6670ed06798f2dfbec9
エミールヘッド,Emil Heads,1850,d2b1541835cd81933eca117e8f21e2cf,ad4dcbd28ccec15e7dc3c0803e68a122,802bd39f1bcdf66149e4cb34950b3bec
カイザーヘッドＢ,Kaiser Head B,1860,2e942b286bdcb69973155f132c73ff0b,2ec74d0733eead43dda65e1562a19839
ドクロヘッドバンドＢ,Skull Headband B,1870,6da849082c92dc0964c027ff60d51ca9,b447d1b3a3e8c276a1ac9401523eb01e
機械生命体ヘッド,Machine Lifeform Head,1880,6d04f2647a41f5b77901b6c67b82b15c,995bd1b16caf559f8e71f2073c574021,f027a2bb48e65e294a2119f239661fb3
[Unnamed 1890],,1890,6cc0b30fafdd790d2a8f183417dc5747
ブルーノヘアー,Bruno Hair,1900,0fc7397938553c8a009f2020d19dd87f,3cf986879b423744c43892a8ac85c8d3,d6d6159dcc8d8cda47a02b44e8fed9ae
[Unnamed 1909],,1909,dcb5a4e0a951ef4b6066d8840849a8d6
リムニックショート,Limnick Short,1910,4914aab95923d66c90f939edbee007a2,02c04171f7e4474bb218c1b31ee53e32,577d0ab02d47fc99fa525c01bd9ced50
目隠れヘアー,Blinding Bangs,1920,58bc42378a3dbf25379ab15f2e7a85e7,97b92a558a5f52977b88031dd2c8fdee,b4728721787fbf8d2e9333763dfd4f84
ウエサマ・ヘアー,Noble's Chonmage,1930,5a8d93041c3827e5d375a7ef8e53978e,30a592f7863b257dc1818a8b97559257,8463c1eaff5cd303b30adb55d623998b
コーンロー１６,Cornrows 16,1940,b7d4e9e87391d1ac9be3d0782ff9e7dc,091a79d3f9f0bce6fdbddb82d3032633,9d19975968eafa43bf02272f24e437ff
編みこみショート,Braided Short,1950,26ee05c608a3692174cfdb70779cf31d,8397355fa3ac58a8759456a11c327de2,22f4781198f522aeb68a43002ce7e2aa
リムニックフード,Limnick Hood,1960,65438395078c8f5be426e4831152c9a1,ca82a52392f38015fccc787de11245c2,58471dbadb2af340dd17d8a349564cc0
クラノスヘアー,Kranos Hair,1970,8751a20c8886b5f21dcee1642b545fe9,d78137168104657e019f3ea35e8e6262,7adcb39c7d42ce86225d735d37c3be5e
[Unnamed 1980],,1980,9d8981adb098e06220a24b1c6a6e965a
[Unnamed 1999],,1999,f7ed1001b53c3205ee690349ccda203d
[Unnamed 2009],,2009,f28f6ecfa37475aea486ee8a03a92053
クエントロヘアー,Cuentoro Hair,2010,b9b01c3d2b5e6c27f2c5e1387eba3fcf,dc0b58f6ab2be863de7e63cb19fe9821,3ba326179b0999c31d2f6647541270c8
[Unnamed 2029],,2029,63d3171c5a714f1ddd65ec681f4d1a49
虎咆結い,Tigerblade Hairstyle,2030,dacc61168c5362ccef94b9a31853faef,fb04ce75fff7183d23896591a3f4c3ac,fad8cca3a8fdad8ea983f699b2cec69d
[Unnamed 2049],,2049,361e7fb6f12ea8622851f32bc3f71c81
ベトールヘアー,Bethor Hair,2050,0da99870dd67104bed3cb0afd9587c69,a80d5a5b7213bcaa49e3e0cb9c44380b,049e2d8143525625f3bab49302d4fede
[Unnamed 2060],,2060,ffbc5c59eabff8a737d36abea660e496
ヴェルドヘアー,Wey Hair,2070,ca8c5e65fdfb90ea2f5d22a7a0cc6a1e,799d53c926b3cdb22bbfeae6a13d4d58,cbc981b1d9f526ac413b96669b97cfa4
[Unnamed 2079],,2079,3cd770c38297b54d6c241d43f91a00b1
フルフェイスヘルメット影,Full Face Helmet: Shadow,2080,8d735617ef388ca9e2e44b1c1e306061,9071d0a0ad5b5695aa8b26ba531f5aef,3a6753ce588fa3cc2a353cf78c1f9772
フルフェイスヘルメット雪,Full Face Helmet: Snow,2090,a82a9929f28048fb74de6c52f5e23644,4ebce209027ac116845683dd5056bccc,fa12bb97107a8e71024cdbdd1cba6320
ゲッテムハルトヘアー,Gettemhult Hair,2100,6faf4c73f319942f67ca702f5e290c5c,16c5e0b16155c54488fc052b5d26011b,a1a82f2c887ebf9d9ded44130631a012
ヴェルドヘルム,Wey Helmet,2110,5cbe292b6924f37a62d8c41b6d2afe31,28de094bd7339c5ea5f84f5e8ac919ba,b31abede4ea2f0bc1636c0a384023300
[Unnamed 2119],,2119,08c70b84c6ca38426d8586a668692b07
[Unnamed 2129],,2129,cb8a10dfa5bfe2cc56db0257687564ea
リュウ・ハヤブサマスク,,2130,fa89c35c4afffb35e2a9342ce16f91f3, (Not found)
[Unnamed 2149],,2149,057bf4e4b6b11f09d90608ef999b9e7d
[Unnamed 2159],,2159,545ee0625ae3bad8b673293639066e52
ロードヘアー,Lord Hair,2160,a6da48dff64c484cc7b0bd4e6aff06cd,e8128091f9b3e3a80bed5c703146d59a,3708664053d0a364534d46ec023e647c
クエンウィルヘルム,Cuenwil Helmet,2170,729449505beeca9ed3231f5ff8d7da6c,539f6645e791567bdee5dc87f07350c1,42075cedf8a2bf291cb877cedaa9d96c
クエントロヘルム,Cuentoro Helmet,2180,1b56e55b721f1dbcfe51290b67811843,82d802010e73510622465199bb2f159b,7227aa0eb0179d5740aca3b474ed6446
アルディナヘアー,Aldina Hair,2190,e02f4ca1a55590b2973721dfb7e9603b,702b04f695e5d598f01dd502685ebcb4,7554a5c9a9b5d427aeaa2545556853db
レクイエムヘアー,Requiem Hair,2200,b8719e1227426c3451407323055b082a,c2a991ade945a315715dc55afe363c50,92ca245bd29c393a7e224cee897ac46c
ハーミディオフード,Hermedio Hood,2210,80a408f4a8e3621868015ae4f170ce98,23e276cff68984f320c9530635b16b7a,ce19594e2775c8016d5619695e3320c8
バルクヘッド,Monumental Head,2220,3de02df2f69ba428215a048a1626d15f,35cff5f864bc488de2d812fcc1636eb0,39881b42f90d44d2832dc53c012164c1
ロジーヘアー,Logy Hair,2230,07c1afb5c932caf573c99b8f94ee0f77, (Not found),ec4681afcec178b8d25a577ef622ca1a
エレンヘアー,Eren Hair,2240,d6d8ac1daeaffe393027860505898c71,abded92b3c0ce98dbd7327ef170d1e66,0d22cd82b3aba41dcab7f91ddffe4e16
ルツヘアー,Lutz Hair,2250,b2f77a2e65e9432295c500751f61f90e,be8581bb5b8d0af27275f86adf1e3b4b,2bf7b29357186f443fb4cac63d41b8a8
[Unnamed 2260],,2260,15b7ccffea720301286777b377205354
アヴェンジャーヘアー,Avenger Hair,2270,0eb05d92a40bfd475210c6eba0183cc9,48fc792f29658937070aa100a9361677,5ac5507167252ccd19daa5aa314456f0
[Unnamed 2279],,2279,9b0bf5818668cc0cae1a2faa306f52b1
アルショートヘア２,Al Short Hair 2,2280,003a71d99f6df32b5d0bda6a2f59ea43,f7690765de1c5da79f42814eb1c5e457,c030ad216d0c027ebc7ea0c4c6668b42
ドラグニカクレスト,Dragnica Crest,2290,4ac21e25ba0e86d871b0c664c38f62bd,f1d20d5fcc0471c36f63b36cd857d233,54233303f92e323c0a8301ddd262773b
ユーシスヘアー,Rolf Hair,2300,4e5f5d457f4b55d025b5d13e365dd779,257b1384b7ecacb2510af5029d489a3e,b34cc3914be7cb22afc82c239eecf3bb
ケインヘアー,Rhys Hair,2310,ee4866369461b411a6144a57a1416a5c,0772ef1b0a4a447687d7f52945f1a319,ad9c71e7083e14c12365bf102274c39b
外ハネショートウルフ,Winged Short Mullet,2320,d36639e77281f9d3dc8c770f2011e896,56ad4a03d2550fb9502d9cc78f69e143,0a424a4fdab0bcc58dbdb84254e6fba8
スミシーヘアー,Smithy Hair,2330,13c05b5deb1dda50b4dd9f197d870f6a,e3182a14b02b43691adc083bdfc7ad82,488919d1ced234ece791c23ec3cc6399
マーセナリーメット,Mercenary Helmet,2340,ee543ad94890d86d6fc5e324844aa37e,d029da84ba1698b27215e0e2e214c756,96667c0399dc771d758365a2ca9725c0
[Unnamed 2359],,2359,98789797d938eee55535a63e26179c6b
フェリスヘアー,,2360,363502681954507eaebd0a04887f4909, (Not found),7a72ae35b6fddab41afba27725317183
[Unnamed 2370],,2370,f17093713e9890bf26b273026982e1b5
[Unnamed 2380],,2380,465cc415a25afd4afc4b7237e762d98f
リンクヘアー,,2390,be504f392ea8c2106a6c6a9064f02518, (Not found),925879af5d74b5b35f46de4bf078a9b4
オフィエルヘアー,Ophiel Hair,2400,b78e272d1d405602b8ce8f0c69b7a52c,5704de674218873537eeb8d5bb560dd5,7e4c05b074d574cc42a95cb2a12ce409
アラトロンスキンヘッド,Aratron Skinhead,2410,50e2cd101d1d2558db9e9bb4e54127c4,c0fa2bc68601355116c7b2d857b46aae,05ddfedca49c4937eb6ec3f09f4363ac
[Unnamed 2420],,2420,e11854e9ed1811c930e7272ebfc50b17
[Unnamed 2430],,2430,9bcceae748ae09051d026e73854c704e
ジャウワールヘアー,Jauwarl Hair,2440,d3a57604460dfaaac91a7928066541ff,a51eef6b6f5a141748c1e028edd17246,4d648e497a7471deb2954e87114e67f2
カラカズラヘアー,Sagacious Hair,2450,4c9bafef1b4811df59ed6734630ad9e9,e9e128d40c84985e69adcbd41c464401,ec918861d9884354bf93b822f2671079
スバルヘアー,,2460,2cae1c0fdf89928137429a08c5e47b58, (Not found),6b7cea0bd3cb4f99e7eda3ca44eca693
ヴィテスシュタルクヘッド,Vitesse Stark Head,2470,36b626e1556e7af15c6192e49b78a760,f89abbcb0fdb691c10aeca69043bea8a,72c07f090ddae4d0ac8d989a74012081
結城理ヘアー,Makoto Yuki Hair,2480,d65920a962adda70810123a21a3c1181,8fc920cd2a5be2c5546ed96500081161,928392708a89945ce9a234b10e64fa2a
コープスフード,Corpse Hood,2490,32c596af3857bd408d8ed09fae6acef4,a5afd791c608e2746d449014d912d0e0,9df98c9217150aac51570c08853bd1fd
[Unnamed 2509],,2509,d24e3f21fcf2ccaa49ccbb83a3d9de78
タイラーヘアー,Tylor Hair,2510,e4142ef05100946a2992db31d89d2523,9b1d0bf40e670eb7551e778b8c1568b4,6a329073a280bb1d6f7765205fc107f7
[Unnamed 2520],,2520,8697e73bb93ec20eb12b00aa555dcfb1
[Unnamed 2530],,2530,9ccd8743df6e51603e15b3c8e7bb9d78
[Unnamed 2540],,2540,5cf739a7dc82a95a238d4f942cb2d3eb
さわやかボサショート,Easygoing Messy Short,2550,a886ee03fa2062b2bbe3077c59ec2db5,5ae8c6b7a0cd0e3bf20e8f3d68a51c92,30618f2f196996fdb9f138dcc4778ffa
バルクヘッドＢ,Monumental Head B,2560,cee54f9dbab6cb3cadc49ec549704c8b,3dd35d8c58b11f988bb3cb905fef25c4,e485197464eb69d6953d4deaeddfe668
エスクリダオンヘアー,Escuridão Hair,2570,6e6148e4e26b8bf5751633d9031101d8,0ed134f340e2e3a7aaa08b056409716e,1c6e3c574f494ef43221f53fcea949a3
イロドリヘアー,Imbued Hair,2580,2524cc23e0acf4b38423099ce2e2b0bd,eba71c4447f82580d8de499eb7993055,a0f281c2fc2a7019d660a4bc76e1a9be
[Unnamed 2590],,2590,cb0309fb6864df172c5b1c5be8551c4f
[Unnamed 2609],,2609,dc41d84815f88d0932e5cc8f544c7e6e
前分けミディアムＧＶ,Parted Medium GV,2610,3312a09f922a62b7d80fda70ce73c6c2,94699b7d643bffe948045b23fb2beddd,070d7377a18494c3ae7e3a205bd5fcb1
ビターシムーンフード,Bitter Simoon Hood,2620,d3cf858bc4e6c7eae50f852436f54067,17b52151888ba6e5dcd387b356e26523,e819e15adedd416d817c10df8c0d3df2
[Unnamed 2639],,2639,bf8b8894c350006f41fb06f568417087
シュレッガーヘアー,Schreger Hair,2640,5805f0b37bea64edbb3f8d90098f0af1,8b48fb7b6403590b9c82062d573eceb8,3eb81407c1972139ab6884dcf5b3d4bb
エルミルヘアー,Elmir Hair,2650,a89414b4deffd3456ec8e443d61be0c1,913ee03c240a451d56af1b1263c7fae9,12d7172c34084931babf5d34eff2bea8
エピラスヘアー,Epiras Hair,2660,705611e85edfdf5274e34269ec53da89,94d3f301d0fbd3fefd145bdfb1684d3e,84948e91ff2838dbb1b5068118f6edf5
ドラグニカクレストＢ,Dragnica Crest B,2670,96db146ffc58fc15966bde8b7ac2616d,be631f842b134c098e317ce14d1672a4,9cdc899edac3d67f9869dd8ae583cf2e
アンブスマスク,Stalker Mask,2680,198c3d381d393a620e5aecc93ac2374c,5bcfdf05ed5eb093a02028836b93156f,0a43b3d712ec15640cc38735b96cb301
ノクスカディナフード,Nox Cadina Hood,2690,16a024f7358aba718cb6b9497cf89839,9ab9533b059a19b6be4080873ef5ce57,9052fa7b82bd2cdf9d260bb8e84fbd28
[Unnamed 2699],,2699,20f89a78efa6b8d8e73dbec13fe5bed6
ノクスカディナヘアー,Nox Cadina Hair,2700,950108cb77298cf32c38a4ca8ccd9d18,46e7db18974e592e39e6496c2af1ad0c,f5c94338d0bf7ada4ad634dab126ac83
ライトニングＥヘアー,Lightning E. Hair,2710,a7cc5c6f62c6aecf3bc731e5bd79e367,9ad5d30f36083481b169afb66f1b71eb,0290a064adef144b6fd550f82e7c0172
[Unnamed 2719],,2719,e950692cb55b6139c4189fabf6c9943f
[Unnamed 2720],,2720,4f70671eee4bdcbb9310e2984fce8571
[Unnamed 2730],,2730,9838d1c523793d2f7a3449e5c2e3285f
フローヘアー,Florent Hair,2740,a6ad27f331e9f9e1e79fc61ca2df41ef,6da9d40e48d15a956cf06cdf2988dad4,ccf1c7aa7c77fa32803bddac509e056d
フィブルヘアー,Fibul Hair,2750,7580d391f602b8a506462bf7a720143c,46fb24384a4296c0f5b5acd289a2e3a9,084c551d6a1d49cda51d68f191f03f1a
東衣真君頭巾,Eastern Sorcerer Hood,2760,b093e029eda3d043d97efca1b3041527,72ca4f22a9ac289b950e0ae0ee7eb1ce,c98dec655c340f3df2146bbedc3069f8
アスールヘアー１,,2770,eb8efc456f40e19aef3ca51c51e21aa4, (Not found),6ae30e3374040a421ea058e62f2bc42c
エルゼヘルム,,2780,841132d44a4dc9b98244849e05cb3257, (Not found),9b753adb1220eb47e4bc4a2504e18095
シャルフヘアー,Scharf Hair,2790,a9044424dc869cdc83e211fb30b05300,479e593736f52438b52314434c987350,aecf35e81ca70fad2ece5bada47eb1b5
[Unnamed 2809],,2809,771cfdf7c34e562fa14f2687eae4e2fd
鳴上悠ヘアー,Yu Narukami Hair,2810,958193b53e04692078a34faa0a6ffad1,8efb82552bfc9450c2ce5ca89cde88e3,ac40bfcdb2d91b46ca434ddee425c52a
[Unnamed 2829],,2829,6207fbfc9e9e56e6d0fc186373b1a49c
ハーミディオフードＢ,Hermedio Hood B,2830,a361979974ef751f8d6184ab79d42415,83e1c255c90476f3d050cd90efeba50a,659df13f23734c050e493a47fd91d21c
ＰＳＺカイヘアー,PSZ Kai Hair,2840,57248684e9ee26233cd9b50d68906346,77ea20065a5362183322b1bf555173cd,886f038fbf0219ede0067fc669cf6f59
ベルヘアー,,2850,cb2197d1fa31c2184fe49b20131fae09, (Not found),28c2f574c6723726e9192330d46fa405
ヴォルフヘアー,Wolf Hair,2860,a8b5aa9f5ee45ab3723870fdb996b9f6,97551cd10d1bf298fa116c49aafe0178,13f3832017862e133773810a4c2485e4
フローヘアー２,Florent Hair 2,2870,a22718b0ea8e338e960815dcd42fcb2c,c545770b2fee3794863bb74d2119665e,59b56a4632d14ea93a25fefa01290963
ガンボーイヘアー,Gun Boy Hair,2880,da2473ea110c7d31ba52a503a27faa68,1e4a9ab360c7066e84a5feb187d5b8b1,c40185f612d4bb1eb47716a286a7e0f3
ＰＳＺヒューマーヘアー,PSZ HUmar Hair,2890,761723875ea4dbff868f945ffdc9f568,47b5344f38da79063c3ccf609e6bb66b,452bd15cf67f1c726c6289d33f56a2df
フォルテヘアー,Forte Hair,2900,8c99bcfd6ba49a5903d834db01b40c63,4f96796f54ff093cf2178dfcee3a06b9,b6b83223ac4d2cb9c319639c75f9996e
草薙京ヘアー,,2910,b5fa5dc03d4c730a8aee88c7ab467002, (Not found),d6d3c1558fd5bb151dad6e2b266cb910
アデインリュデルヘアー,Adhein Ludel Hair,2920,2b3257814f157d19f79435c73f27cd89,a7177be6bb2e48b4298fcb1b25f3780b,0293fbc81efb62cf04b382c8a14fa652
八神庵ヘアー,,2930,b091fd29c10dd24594562461e15e15be, (Not found),20da01407f3b23ac5a9e0ae94e7614fe
刈上げベリーショート,Ultra Short Pixie,2950,8a39cde5a35a7e765b75f0b069d514d6,e3ca7e7e8212bc1595a9d1d92cda5bae,3ce986e6628c86587616d63374ad112b
キョクヤヘアー,Kyokuya Hair,2960,fb75be58be1d42264f1f1700bef4ecd8,7e3b6811526244141795e3c9d2f53a31,3ea92524e7c4eccf564f129447103ab6
[Unnamed 2969],,2969,65186e1138e06c6534df735f74b89035
モルフォルテシモヘアー,Mor Fortissimo Hair,2970,f4a04c05db5361a57ea33c6c0526630b,b74fa3f0809ac1e01bee956be99f6d0a,63c94ac7c13e07b2af6ef687af339de8
コープスフードＢ,Corpse Hood B,2980,b66ff3ab375de1ff6646ab6ee74ba53f,f8f207d0ef3146061a262f4904f1ed53,d1d2937e27cd569d3d1024f426cb86d0
テオドールヘアー,Theodor Hair,2990,4bfebc5cecfbd0363dec52c838936e94,500e90efc4d9ef6063e4b4fe58a6ca95,c8bca5cc42a294e22d4a1c6761c5821c
[Unnamed 2999],,2999,eede11dd7dc93e0b639debeb81c42c4c
カズマヘアー,Kazuma Hair,3000,dd51a9046ae9699708e9cc2f1627b1d0,c6d81293047fe8ccb24c5ba75c6d8210,c021ec74f34c64dea4c46c5259e651ca
東衣真君頭巾Ｂ,Eastern Sorcerer Hood B,3010,fbc1cc26e9606e5fb1fedd846c542a23,5493e8ca697e0c7b6fe0b17f6f1a0a8c,a5e0f965cf12099e51aac19062496845
スキンヘッドロング,Bald Mullet,3020,b684afc9c8c9b4abd681a0e08a814793,af6bde312899f4227803cc9a49580bc7,2504cd9da00de9b8bc3a0e9daae2f0de
ビターシムーンフードＢ,Bitter Simoon Hood B,3030,c7de096ef9e20bae2b6a4326a9de597a,6df276549886f7c6cdc8d9ba9307991b,c80f8dfcbdf84f9df24d57bf97d6be53
カースドフードＢ,Cursed Hood B,3040,f84d0450387b1b16bab91a46b9d121de,3e8db955e3a73b132ad37c9583483f89,9b3d0805662e05773f7fcb79a4222fc5
シャオヘアー２,Xiao Hair 2,3050,d13e64968138e0054d59c01d64dd338d,92e304f138d551d3e52c4c24741b3412,6c4e951133d6aa0c181aee793ec64f20
エルミルヘアーＧＶ,Elmir Hair GV,3060,16cd42c1490288b385f248b426ffa37d,5b7798feb2bfe6bf1d477302e0dd871f,0f5757999a8ffe1f9a2b47a6e8e96c7a
カラカズラヘアーＢ,Sagacious Hair B,3070,2753c3b3fe4498b635e70932bae66839,1e437fe3bccacddbb2a0f02d0ea66f53,c14930faf8ad465cc44d82353e65a7eb
[Unnamed 3080],,3080,19fe3b0df80cbf8d53d68cee58fe24fc
[Unnamed 3090],,3090,0d5497088bfbb6712fbf0b012a56475c
アギトヘアー,Agito Hair,3100,af3735806e71bb7ae5e2562b90af0e4f,ac388ce9424120b2f7fd2b817077ab9d,e93e83a7d5592f319f1867d1b5a02a31
[Unnamed 3109],,3109,dfa122c4176bf1ea24cd6c0f224e5f7f
[Unnamed 3110],,3110,57dac32416b8d34dd5c75332f5c9a6a1
[Unnamed 3119],,3119,311473f61ff37b1c9d73f2971120e402
[Unnamed 3129],,3129,ad030109a87cf28dff3339fbae1be25a
[Unnamed 3130],,3130,365e54f912b2561359cc416a3fa2d0cb
ツートンロングヘアー,Two-tone Long Hair,3140,65cb15094b72d55b613ba5340044f4a9,425deb870c0c5b344742a8c261bb49a5,354afbcc46543ef98633e98bd5fb7207
ヤンヘアー２,,3150,8ac5e14c5f26d6a76b3f2714b4b05d2e, (Not found),e2c0f200f5ed4380045d3abfabb3a131
ラインハルトヘアー,,3160,83b83608ff63495b48ae1ac73f82f1de, (Not found),4e8f002c790ff3892eb23de9fcd7f913
§イチカ§ヘアー,§ Ichika § Hair,3170,a865c3a7e4188544924da8f1ba636681,98e015e95ee06993516ae5ac23814955,756d072b91223b3b31b106e9aaa2a13b
[Unnamed 3179],,3179,dabddca7ad0ac9f693b1d56ae76f602b
ヤンヘアー１,,3180,a76e2cace256f6ff85832d6fe10cee98, (Not found),3154750ddb2c61695b8c9b1dcc0564d6
ノクスカディナフードＢ,Nox Cadina Hood B,3210,248cd77843b80649a8e9fef399898006,ad5b54824327b91169ce03bea7052cd2,f33e26b5ff6f2949e064f1e750f16bdc
インユウヘアー,Inyuu Hair,3220,b1284caf8f9da4fbb14e57b532c1f387,385e4c95435fd7768831c04f68483400,c3d90150badf079588d7ca0644ad1b76
ジャスパーＣヘアー,Jasper C Hair,3230,6e25025378e665c86a546415ab786c4d,43c99741b44e0cf608cbb542d0253a1a,32a11c40cd816ec3530ec13db293f7f9
ユリィＬヘアー,Uly L Hair,3240,90c3db73f56e78a0c9831a5ae6e1fcde,16607f330a2b97be2640cdc7cd797868,90bea2c771e06a80a50d7a409658b205
シンジヘアー,,3250,6aa36e8085b039148e920218a87d927d,09ca26bbfa755b48d43269985fa225d4,3d702c5f1596473d97d4301fb7e2555e
[Unnamed 3259],,3259,ca986a8931df4d37ecd81e58ebbcff91
レフィクスヘアー,Refix Hair,3260,4c226cddc4e1407e0be39d8704c4cb6b,b9912466fda598b59edb07235edb06b1,f9ff6d19398606f10f86fef808ef5620
アッシュヘアー,Ash Hair,3270,989b71c4c7dc163c52e54fd56b493788,a4a0f88fed96f8b5bd61b32b341817d1,6add5990b294790b882b06679e92ecc4
ユリィＣヘアー,Uly C Hair,3280,216758d4f7bf1d5c6aea96004556ca63,41b3e3989783cbe87c0a18621584f09d,543c77fc3c54e0689c7c1eb226446159
レナートヘアー,Renato Hair,3290,a2ec7839c8ad65250772df90c6715dbb,31436c5d6e89c2ef2bb8dfcf6345db85,9d934a4f644876272d50d65b7d49996d
ソニックヘアー１,Sonic Hair 1,3310,e67cf94cb04d908684c1590d5044a193,88a11dd2b7275e9087ba181c9ac350f1,4ae790b9122ad6a0b5a968c6b43bd2ae
テクシオヘアー,Texio Hair,3320,6cd04f8146ec5ca19e527c4a86b5cb1f,02ee25b1246189d995789e8914f2c9f6,6d50ca9e11a742d25fc128a6c2e2e057
アンクル・サムヘアー,Uncle Sam Hair,3330,b58f2756356c5cf54578f3510fa489dd,15c9fde5416a59a82fc844e8453e946e,d73909fe6693207eea7dd4a3d748016c
ソニックヘアー２,Sonic Hair 2,3340,7e0e5dfbaf07fd88503f455f2d6455fd,d2ffd717f2fa80feb847fed8ded42343,ad081bdb9ae792448ae6548dfd972d0b
チェイサーヘアー,Chaser Hair,3350,dc30592bd7d4a9826a6121a90eccbf4f,ceaa55e4f9c5e6c452e13b645828a51f,0c10cda25a71fc9a31b1213836e9a402
ラーフェヘアー,Raphe Hair,3360,cf7878417da58f893404b84a17b2e94c,567f900388d7faf05a3e7a89ed351cc1,1f95fa3e32adaee73521cc33b1942769
神山誠十郎の髪型,Seijuro Kamiyama's Hairstyle,3380,aebfe25996b2406e73ca76c1a1cf7741,2fef5f19e473f2ab33cf16f6ea44abf1,9920b5e7003606fdd961cf39fcbfdcce
ヴィテスシュタルクヘッドＢ,Vitesse Stark Head B,3390,6d87e032331e92ef3276c0998d78d278,87fa245f916d978361f557727de59969,46d92f172bd933c3e74f76550e783c89
片アシメショートカット,Asymmetric Short Hair,3400,bf9ef077bd9a0c79f72796fef7cf3150,ad8ecda197e0869c05828645182b2369,a7e518756899e0523b391eb6e6869d23
エルダーペインヘアー,Elder Pain Hair,3410,104d70f4dedede6d59d253881fe76b9c,4901221552d1f78367213b202a9bac7e,05236c0b6341e638c3708d9487d7a804
サードゥオヘアー,Sardhuo Hair,3420,975276b8e01789017ede094d0239569e,b05a65c3c094172261d9eea0673e0d88,f24f5c3c938fcaeba8cd83d6b53d6a4d
パイロのガスマスク,Pyro's Gas Mask,3430,5ba69da30dfb349bcfc5d87e7b85a89e,a839c545d560c5152e216739127b52b0,89cde71512c8f61b7b328024aec8b2f0
￥ソニックモチーフヘルメット,,3440,40edb47d175fac05e3c652946a54a478, (Not found)
￥ソニックモチーフヘアー,,3450,d4cac6fa23e259db86c2e4dc80ad95ca, (Not found)
ゲザングヘアー,Gesang Hair,3460,22fc718bef1bb1013764a54269413e6b,21bdfd292694c0c957b574be9705d559,d960c4a322ad31d6eb97d4ba8f5463db
サイカ・ヒョウリヘアー,Saika Hyori Hair,3470,d8cf3537c57aea4bc908f2a0063373af,d7aae245c79ad40be48bdc9d94602203,acac188ba0f9b6ccbdd306760181c210
響裕太の髪型,,3480,d8f0cc730cc10599766b4c22fe93035d,f155fe6537b3f4cbb7868b8a37372199,62855205f6e9c8fa5c713a2f054ee90f
[Unnamed 3490],,3490,4a1c1fa575b580e2e9060f41a27038d8
カイトＶ３ヘアー,,3510,48faf7c6681fd1949c9d1e560c616989,dc32a739f903287a373219a794f86a10,12127f6fba2d26eafe0ad75179decf2d
ダスパヘアー,Daspa Hair,3520,a939fd566b0444cbf5003d9d67f579d0,ebd22b8b0464f01a8cd31f1f8d773c33,c32173ff2a647190b2a6965b649006d7
ジェントルヘアー,Gentle Hair,3530,f9860ad0bde06e256affb3234d85aa85,a746446018fc317fde4f06f53c175e1a,1b5ffe3156d277d83ea39dd29b6431ba
[Unnamed 3540],,3540,c1c888f8057e1cd4004b1cc610c7919c
[Unnamed 3550],,3550,2ce9aee0ea668f29f27843be1345764e
キリトヘアー,Kirito Hair,3560,05befa5486a1ceddc73708dab0711db1,7a20623840916b19b5a6ec7539d0ea0b,7e2fa8ad2ea7e556eb0b78b1aae36e52
ヒューキャストヘッドＢ,HUcast Head B,3570,4a05ea4c56a18005e6f02ec4061eeacd,f221377e3e0a236ef4b124ff8f603e5d,84e1a9f0d6b28ac4b7a1cc3fe3e712c6
アッシュヘアーＧＶ,Ash Hair GV,3580,a2b56e4c4b37bb2aa888393e6562ef44,79df7644bf92e540cc73d538295052fb,a08fe450197b01b072b05fb2a49b326a
アンクル・サムヘアー(JP),,3590,839a00156e895e7df4390de72bd244c1,ec506d68775fb702e7f1b47ac756dab4,08fdd8e89b31621a8fd7f52d20733e6d
マーセナリーメットＢ,Mercenary Helmet B,3600,af90dc91282e0389249fda2878e19418,22de4da8c9cf51bd60a9a93791110f73,f84ef80615211818045e6db94ff711c6
アンブスマスクＢ,Stalker Mask B,3610,48d03af2ac6218318e28e9e3e304b5ba,51c5c7683fda2e7acda8d4cedb8d0140,d127af89113829df068b965f0ee33b77
アンブスマスクＣ,Stalker Mask C,3620,22d9073fd55cb3d72bb116edfaad1873,8be8925c71ca64971462976ac5a9fd9c,225b97c4bca4d40da2a58b2cb38f840e
テイルスヘアー１,Tails Hair 1,3630,2a3465c37517d28bf06c93d5920237c4,fe64584f0f6f5fb01cb8e46c83972ab7,3a9745ab0be28dfee5edb7e2053078f1
テイルスヘアー２,Tails Hair 2,3640,5f0c8393b9ad3455755895cceb0dc071,063bc8f32446e8651bdb76c70647642b,624e04bea366725f10999e8acdfd88a0
春日一番の髪型,Ichiban Kasuga Hair,3650,1f6490d758ba04d3df3d177a001118cc,438b5c01b2c59793e3eb93236862277d,fd45c264d81a12bab0ad8fc6a5cd7fa5
レイキャストヘッドＢ,RAcast Head B,3660,46c1718e16f653c3450c1ea26b7be7bc,328bd40bd3d736ddd6cd7e3d5768b2c0,1daba262799718dcdbe0a4e63c360bc0
[Unnamed 5470],,5470,ce8e33d7e3ce90548227e3fac6646121, (Not found)
